timestamp,value,status
2026-01-01 12:52:28.938,521.66,Good
2026-01-01 12:52:44.037,521.66,Good
2026-01-01 12:52:59.055,521.66,Good
2026-01-01 12:53:14.073,521.66,Good
2026-01-01 12:53:29.091,521.66,Good
2026-01-01 12:53:44.112,62.52,Excellent
2026-01-01 12:53:59.149,55.51,Excellent
2026-01-01 12:54:14.166,52.06,Excellent
2026-01-01 12:54:29.187,2.43,Excellent
2026-01-01 12:54:44.205,2.04,Excellent
2026-01-01 12:54:59.248,1.74,Excellent
2026-01-01 12:55:14.275,1.67,Excellent
2026-01-01 12:55:29.297,1.61,Excellent
2026-01-01 12:55:44.331,1.56,Excellent
2026-01-01 12:55:59.347,1.47,Excellent
2026-01-01 12:56:14.364,1.4,Excellent
2026-01-01 12:56:29.379,1.39,Excellent
2026-01-01 12:56:44.396,1.38,Excellent
2026-01-01 12:56:59.414,1.36,Excellent
2026-01-01 12:57:14.432,1.36,Excellent
2026-01-01 12:57:29.463,1.34,Excellent
2026-01-01 12:57:44.495,1.33,Excellent
2026-01-01 12:57:59.511,1.32,Excellent
2026-01-01 12:58:14.524,1.31,Excellent
2026-01-01 12:58:29.561,1.21,Excellent
2026-01-01 12:58:44.575,1.0,Excellent
2026-01-01 12:58:59.597,1.0,Excellent
2026-01-01 12:59:14.611,1.0,Excellent
2026-01-01 12:59:29.650,1.0,Excellent
2026-01-01 12:59:44.664,1.0,Excellent
2026-01-01 12:59:59.690,1.0,Excellent
2026-01-01 13:00:14.702,1.0,Excellent
2026-01-01 13:00:29.730,1.0,Excellent
2026-01-01 13:00:44.756,1.0,Excellent
2026-01-01 13:00:59.785,1.02,Excellent
2026-01-01 13:01:14.798,1.08,Excellent
2026-01-01 13:01:29.812,1.25,Excellent
2026-01-01 13:01:44.827,1.72,Excellent
2026-01-01 13:01:59.851,45.71,Excellent
2026-01-01 13:02:14.875,51.5,Excellent
2026-01-01 13:02:29.918,54.45,Excellent
2026-01-01 13:02:44.951,61.21,Excellent
2026-01-01 13:02:59.964,107.6,Excellent
2026-01-01 13:03:14.990,107.6,Excellent
2026-01-01 13:03:30.018,107.6,Excellent
2026-01-01 13:03:45.043,107.6,Excellent
2026-01-01 13:04:00.088,107.6,Excellent
2026-01-01 13:04:15.116,107.6,Excellent
2026-01-01 13:04:30.143,107.6,Excellent
2026-01-01 13:04:45.156,107.6,Excellent
2026-01-01 13:05:00.178,109.72,Excellent
2026-01-01 13:05:15.196,109.72,Excellent
2026-01-01 13:05:30.239,107.6,Excellent
2026-01-01 13:05:45.253,107.6,Excellent
2026-01-01 13:06:00.276,107.6,Excellent
2026-01-01 13:06:15.322,107.6,Excellent
2026-01-01 13:06:30.346,107.6,Excellent
2026-01-01 13:06:45.377,107.6,Excellent
2026-01-01 13:07:00.389,129.97,Excellent
2026-01-01 13:07:15.404,129.97,Excellent
2026-01-01 13:07:30.428,129.97,Excellent
2026-01-01 13:07:45.442,129.97,Excellent
2026-01-01 13:08:00.465,129.97,Excellent
2026-01-01 13:08:15.494,129.97,Excellent
2026-01-01 13:08:30.508,129.97,Excellent
2026-01-01 13:08:45.533,129.97,Excellent
2026-01-01 13:16:18.563,535.98,Good
2026-01-01 13:16:33.620,535.08,Good
2026-01-01 13:16:48.681,534.19,Good
2026-01-01 13:17:03.725,533.29,Good
2026-01-01 13:17:18.765,532.4,Good
2026-01-01 13:17:33.783,531.5,Good
2026-01-01 13:17:48.842,530.61,Good
2026-01-01 13:18:03.920,529.71,Good
2026-01-01 13:18:18.942,528.82,Good
2026-01-01 13:18:33.963,527.92,Good
2026-01-01 13:18:48.988,527.03,Good
2026-01-01 13:19:04.008,526.13,Good
2026-01-01 13:19:19.067,525.24,Good
2026-01-01 13:19:34.087,524.34,Good
2026-01-01 13:19:49.108,523.45,Good
2026-01-01 14:07:19.104,1072.85,Warning
2026-01-01 14:07:34.194,1071.95,Warning
2026-01-01 14:07:49.217,1071.06,Warning
2026-01-01 14:08:04.236,1070.16,Warning
2026-01-01 14:08:19.255,1069.27,Warning
2026-01-01 14:08:34.276,129.52,Excellent
2026-01-01 14:08:49.291,63.95,Excellent
2026-01-01 14:09:04.316,63.94,Excellent
2026-01-01 14:09:19.338,65.32,Excellent
2026-01-01 14:09:34.358,66.7,Excellent
2026-01-01 14:09:49.378,105.14,Excellent
2026-01-01 14:10:04.475,119.57,Excellent
2026-01-01 14:10:19.495,119.45,Excellent
2026-01-01 14:10:34.553,119.34,Excellent
2026-01-01 14:10:49.599,124.23,Excellent
2026-01-01 14:11:04.619,124.15,Excellent
2026-01-01 14:11:19.716,124.08,Excellent
2026-01-01 14:11:34.735,124.0,Excellent
2026-01-01 14:11:49.792,123.93,Excellent
2026-01-01 14:12:04.834,116.47,Excellent
2026-01-01 14:12:19.853,109.01,Excellent
2026-01-01 14:12:34.876,109.01,Excellent
2026-01-01 14:12:49.908,109.01,Excellent
2026-01-01 14:13:04.933,109.01,Excellent
2026-01-01 14:13:19.954,120.46,Excellent
2026-01-01 14:13:35.043,176.83,Excellent
2026-01-01 14:13:50.070,176.83,Excellent
2026-01-01 14:14:05.090,174.71,Excellent
2026-01-01 14:14:20.152,174.71,Excellent
2026-01-01 14:14:35.190,132.09,Excellent
2026-01-01 14:14:50.220,129.97,Excellent
2026-01-01 14:15:05.250,129.97,Excellent
2026-01-01 14:15:20.274,129.97,Excellent
2026-01-01 14:15:50.369,110.79,Excellent
2026-01-01 14:16:05.427,110.79,Excellent
2026-01-01 14:16:20.449,110.79,Excellent
2026-01-01 14:16:35.489,110.79,Excellent
2026-01-01 14:16:50.530,110.79,Excellent
2026-01-01 14:17:05.565,129.97,Excellent
2026-01-01 14:17:20.620,129.97,Excellent
2026-01-01 14:17:35.642,129.97,Excellent
2026-01-01 14:17:50.716,197.08,Excellent
2026-01-01 14:18:05.734,197.08,Excellent
2026-01-01 14:18:20.800,197.08,Excellent
2026-01-01 14:18:35.858,197.08,Excellent
2026-01-01 14:18:50.898,197.08,Excellent
2026-01-01 14:19:05.968,197.08,Excellent
2026-01-01 14:19:21.007,197.08,Excellent
2026-01-01 14:19:36.035,197.3,Excellent
2026-01-01 14:19:51.059,197.3,Excellent
2026-01-01 14:20:06.087,197.3,Excellent
2026-01-01 14:20:21.110,197.3,Excellent
2026-01-01 14:20:36.137,197.08,Excellent
2026-01-01 14:20:51.174,197.08,Excellent
2026-01-01 14:21:06.192,197.08,Excellent
2026-01-01 14:21:21.213,197.08,Excellent
2026-01-01 14:21:36.233,197.08,Excellent
2026-01-01 14:21:51.254,197.08,Excellent
2026-01-01 14:22:06.278,197.08,Excellent
2026-01-01 14:22:21.299,174.71,Excellent
2026-01-01 14:22:36.412,174.71,Excellent
2026-01-01 14:22:51.471,174.71,Excellent
2026-01-01 14:23:06.488,241.82,Excellent
2026-01-01 14:23:21.546,241.82,Excellent
2026-01-01 14:23:36.605,241.82,Excellent
2026-01-01 14:23:51.625,241.82,Excellent
2026-01-01 14:24:06.680,241.82,Excellent
2026-01-01 14:24:21.698,241.82,Excellent
2026-01-01 14:24:36.748,241.82,Excellent
2026-01-01 14:24:51.789,241.82,Excellent
2026-01-01 14:25:06.808,241.82,Excellent
2026-01-01 14:25:21.829,241.82,Excellent
2026-01-01 14:25:36.859,241.82,Excellent
2026-01-01 14:25:51.880,241.82,Excellent
2026-01-01 14:26:06.901,241.82,Excellent
2026-01-01 14:26:21.931,241.82,Excellent
2026-01-01 14:26:36.948,241.82,Excellent
2026-01-01 14:26:51.968,241.82,Excellent
2026-01-01 14:27:06.991,241.82,Excellent
2026-01-01 14:27:22.013,241.82,Excellent
2026-01-01 14:27:37.033,241.82,Excellent
2026-01-01 14:27:52.104,219.45,Excellent
2026-01-01 14:28:07.130,219.45,Excellent
2026-01-01 14:28:22.177,219.45,Excellent
2026-01-01 14:28:37.196,219.45,Excellent
2026-01-01 14:28:52.258,219.45,Excellent
2026-01-01 14:29:07.281,219.45,Excellent
2026-01-01 14:29:22.346,219.45,Excellent
2026-01-01 14:29:37.367,219.45,Excellent
2026-01-01 14:29:52.408,129.97,Excellent
2026-01-01 14:30:07.430,111.0,Excellent
2026-01-01 14:30:22.494,111.0,Excellent
2026-01-01 14:30:37.514,111.0,Excellent
2026-01-01 14:30:52.532,111.0,Excellent
2026-01-01 14:31:07.590,111.0,Excellent
2026-01-01 14:31:22.653,111.0,Excellent
2026-01-01 14:31:37.714,110.79,Excellent
2026-01-01 14:31:52.735,174.71,Excellent
2026-01-01 14:32:07.930,174.71,Excellent
2026-01-01 14:32:22.965,174.71,Excellent
2026-01-01 14:32:37.986,174.71,Excellent
2026-01-01 14:32:53.005,174.71,Excellent
2026-01-01 14:33:08.034,174.71,Excellent
2026-01-01 14:33:23.129,174.71,Excellent
2026-01-01 14:33:38.147,174.71,Excellent
2026-01-01 14:33:53.242,174.71,Excellent
2026-01-01 14:34:08.269,174.71,Excellent
2026-01-01 14:34:23.292,174.71,Excellent
2026-01-01 14:34:38.350,174.71,Excellent
2026-01-01 14:34:53.384,174.71,Excellent
2026-01-01 14:35:08.442,174.71,Excellent
2026-01-01 14:35:23.465,174.71,Excellent
2026-01-01 14:35:38.486,174.71,Excellent
2026-01-01 14:35:53.509,174.71,Excellent
2026-01-01 14:36:08.546,174.71,Excellent
2026-01-01 14:36:23.565,174.71,Excellent
2026-01-01 14:39:22.550,197.08,Excellent
2026-01-01 14:39:37.727,197.08,Excellent
2026-01-01 14:39:52.864,197.08,Excellent
2026-01-01 14:40:08.048,197.08,Excellent
2026-01-01 14:40:23.195,197.08,Excellent
2026-01-01 14:40:42.225,197.08,Excellent
2026-01-01 14:40:57.349,197.08,Excellent
2026-01-01 14:41:12.469,197.08,Excellent
2026-01-01 14:41:27.677,197.08,Excellent
2026-01-01 14:41:42.850,197.08,Excellent
2026-01-01 14:41:58.012,197.08,Excellent
2026-01-01 14:42:13.146,197.08,Excellent
2026-01-01 14:42:28.274,197.08,Excellent
2026-01-01 14:42:43.422,197.08,Excellent
2026-01-01 14:42:58.591,197.08,Excellent
2026-01-01 14:43:13.754,197.08,Excellent
2026-01-01 14:43:28.924,197.08,Excellent
2026-01-01 14:43:44.034,197.08,Excellent
2026-01-01 14:43:59.135,101.56,Excellent
2026-01-01 14:44:14.292,81.67,Excellent
2026-01-01 14:44:29.397,72.89,Excellent
2026-01-01 14:44:44.555,8.58,Excellent
2026-01-01 14:45:00.023,1.0,Excellent
2026-01-01 14:45:15.127,1.0,Excellent
2026-01-01 14:45:30.271,1.0,Excellent
2026-01-01 14:45:45.398,1.0,Excellent
2026-01-01 14:46:00.524,1.0,Excellent
2026-01-01 14:46:15.983,1.31,Excellent
2026-01-01 14:46:31.472,62.18,Excellent
2026-01-01 14:46:47.080,76.86,Excellent
2026-01-01 14:47:02.854,86.09,Excellent
2026-01-01 14:47:18.623,157.19,Excellent
2026-01-01 14:47:34.581,208.2,Excellent
2026-01-01 14:47:50.471,330.38,Excellent
2026-01-01 14:48:06.237,609.95,Good
2026-01-01 14:48:22.906,672.74,Good
2026-01-01 14:48:39.066,928.42,Good
2026-01-01 14:48:55.238,979.49,Good
2026-02-01 17:26:41.993,241.82,Excellent
2026-02-01 17:27:20.060,241.82,Excellent
2026-02-01 17:28:19.692,264.19,Excellent
2026-02-01 17:29:20,264.19,Excellent
2026-02-01 17:30:10.972,264.19,Excellent
2026-02-01 17:30:13.196,264.19,Excellent
2026-02-01 17:30:13.223,264.19,Excellent
2026-02-01 17:30:18.707,264.19,Excellent
2026-02-01 17:30:23.716,264.19,Excellent
2026-02-01 17:30:28.713,264.19,Excellent
2026-02-01 17:30:33.692,264.19,Excellent
2026-02-01 17:30:38.695,264.19,Excellent
2026-02-01 17:30:43.700,264.19,Excellent
2026-02-01 17:30:48.706,264.19,Excellent
2026-02-01 17:30:53.720,264.19,Excellent
2026-02-01 17:30:58.683,264.19,Excellent
2026-02-01 17:31:03.690,264.19,Excellent
2026-02-01 17:31:08.684,264.19,Excellent
2026-02-01 17:31:13.687,264.19,Excellent
2026-02-01 17:31:20.028,264.19,Excellent
2026-02-01 17:31:40.700,264.19,Excellent
2026-02-01 17:31:43.231,264.19,Excellent
2026-02-01 17:31:48.995,264.19,Excellent
2026-02-01 17:31:53.706,264.19,Excellent
2026-02-01 17:31:58.687,264.19,Excellent
2026-02-01 17:32:03.726,264.19,Excellent
2026-02-01 17:32:08.688,197.08,Excellent
2026-02-01 17:32:13.708,197.08,Excellent
2026-02-01 17:32:18.338,197.08,Excellent
2026-02-01 17:32:23.694,197.08,Excellent
2026-02-01 17:32:28.703,197.08,Excellent
2026-02-01 17:32:33.707,197.08,Excellent
2026-02-01 17:32:38.687,197.08,Excellent
2026-02-01 17:32:43.692,197.08,Excellent
2026-02-01 17:32:48.701,197.08,Excellent
2026-02-01 17:32:53.711,174.71,Excellent
2026-02-01 17:32:58.681,174.71,Excellent
2026-02-01 17:33:03.680,174.71,Excellent
2026-02-01 17:33:08.685,174.71,Excellent
2026-02-01 17:33:13.706,174.71,Excellent
2026-02-01 17:33:18.714,174.71,Excellent
2026-02-01 17:34:19.990,176.83,Excellent
2026-02-01 17:34:36.765,176.83,Excellent
2026-02-01 17:34:38.233,176.83,Excellent
2026-02-01 17:34:44.002,176.83,Excellent
2026-02-01 17:34:48.692,176.83,Excellent
2026-02-01 17:34:53.681,176.83,Excellent
2026-02-01 17:34:58.707,176.83,Excellent
2026-02-01 17:35:03.222,176.83,Excellent
2026-02-01 17:35:08.713,176.83,Excellent
2026-02-01 17:35:13.692,176.83,Excellent
2026-02-01 17:35:18.691,176.83,Excellent
2026-02-01 17:35:23.689,176.83,Excellent
2026-02-01 17:35:28.714,176.83,Excellent
2026-02-01 17:35:33.699,176.83,Excellent
2026-02-01 17:35:38.683,176.83,Excellent
2026-02-01 17:35:43.706,176.83,Excellent
2026-02-01 17:35:48.684,176.83,Excellent
2026-02-01 17:35:53.725,176.83,Excellent
2026-02-01 17:35:58.691,176.83,Excellent
2026-02-01 17:36:20.064,176.83,Excellent
2026-02-01 17:36:58.632,197.08,Excellent
2026-02-01 17:37:03.208,197.08,Excellent
2026-02-01 17:37:08.205,241.82,Excellent
2026-02-01 17:37:13.210,241.82,Excellent
2026-02-01 17:37:18.207,241.82,Excellent
2026-02-01 17:37:23.521,241.82,Excellent
2026-02-01 17:37:28.716,241.82,Excellent
2026-02-01 17:37:33.718,241.82,Excellent
2026-02-01 17:37:38.518,241.82,Excellent
2026-02-01 17:37:43.404,241.82,Excellent
2026-02-01 17:37:43.428,241.82,Excellent
2026-02-01 17:37:48.416,241.82,Excellent
2026-02-01 17:37:53.997,241.82,Excellent
2026-02-01 17:37:58.688,241.82,Excellent
2026-02-01 17:38:03.408,241.82,Excellent
2026-02-01 17:38:08.797,241.82,Excellent
2026-02-01 17:38:13.698,241.82,Excellent
2026-02-01 17:38:18.705,241.82,Excellent
2026-02-01 17:38:23.692,241.82,Excellent
2026-02-01 17:38:28.432,241.82,Excellent
2026-02-01 17:38:32.366,241.82,Excellent
2026-02-01 17:38:32.391,241.82,Excellent
2026-02-01 17:38:37.374,241.82,Excellent
2026-02-01 17:38:42.375,241.82,Excellent
2026-02-01 17:38:47.369,241.82,Excellent
2026-02-01 17:38:52.378,241.82,Excellent
2026-02-01 17:38:57.383,241.82,Excellent
2026-02-01 17:39:02.381,241.82,Excellent
2026-02-01 17:39:07.378,241.82,Excellent
2026-02-01 17:39:12.378,241.82,Excellent
2026-02-01 17:39:17.387,241.82,Excellent
2026-02-01 17:39:22.381,241.82,Excellent
2026-02-01 17:39:27.383,241.82,Excellent
2026-02-01 17:39:32.406,241.82,Excellent
2026-02-01 17:39:37.369,241.82,Excellent
2026-02-01 17:39:42.391,241.82,Excellent
2026-02-01 17:39:47.389,241.82,Excellent
2026-02-01 17:39:52.423,241.82,Excellent
2026-02-01 17:39:57.468,241.82,Excellent
2026-02-01 17:40:03.005,241.82,Excellent
2026-02-01 17:40:07.696,241.82,Excellent
2026-02-01 17:40:12.718,241.82,Excellent
2026-02-01 17:40:17.697,241.82,Excellent
2026-02-01 17:40:22.706,241.82,Excellent
2026-02-01 17:40:27.705,241.82,Excellent
2026-02-01 17:40:32.705,241.82,Excellent
2026-02-01 17:40:37.367,241.82,Excellent
2026-02-01 17:40:42.374,241.82,Excellent
2026-02-01 17:40:46.115,241.82,Excellent
2026-02-01 17:40:46.151,241.82,Excellent
2026-02-01 17:40:52.032,241.82,Excellent
2026-02-01 17:40:56.699,241.82,Excellent
2026-02-01 17:41:01.690,241.82,Excellent
2026-02-01 17:41:03.826,241.82,Excellent
2026-02-01 17:41:03.863,241.82,Excellent
2026-02-01 17:41:09.990,241.82,Excellent
2026-02-01 17:41:14.612,241.82,Excellent
2026-02-01 17:41:19.703,241.82,Excellent
2026-02-01 17:41:23.849,241.82,Excellent
2026-02-01 17:41:29.686,241.82,Excellent
2026-02-01 17:41:35.695,241.82,Excellent
2026-02-01 17:41:39.798,340.91,Excellent
2026-02-01 17:41:45.011,340.91,Excellent
2026-02-01 17:41:49.690,340.91,Excellent
2026-02-01 17:41:54.691,340.91,Excellent
2026-02-01 17:41:59.682,340.91,Excellent
2026-02-01 17:42:04.690,340.91,Excellent
2026-02-01 17:42:09.688,340.91,Excellent
2026-02-01 17:42:14.690,340.91,Excellent
2026-02-01 17:42:19.701,340.91,Excellent
2026-02-01 17:42:24.018,340.91,Excellent
2026-02-01 17:42:28.834,340.91,Excellent
2026-02-01 17:42:35.306,340.91,Excellent
2026-02-01 17:42:38.584,340.91,Excellent
2026-02-01 17:42:38.610,340.91,Excellent
2026-02-01 17:42:43.913,340.91,Excellent
2026-02-01 17:42:48.683,340.91,Excellent
2026-02-01 17:42:53.688,340.91,Excellent
2026-02-01 17:42:58.691,340.91,Excellent
2026-02-01 17:43:03.692,340.91,Excellent
2026-02-01 17:43:08.687,340.91,Excellent
2026-02-01 17:43:13.652,340.91,Excellent
2026-02-01 17:43:18.719,340.91,Excellent
2026-02-01 17:43:23.713,340.91,Excellent
2026-02-01 17:43:28.598,340.91,Excellent
2026-02-01 17:43:33.589,340.91,Excellent
2026-02-01 17:43:34.327,340.91,Excellent
2026-02-01 17:43:34.353,340.91,Excellent
2026-02-01 17:43:40.009,340.91,Excellent
2026-02-01 17:43:44.691,340.91,Excellent
2026-02-01 17:43:49.691,340.91,Excellent
2026-02-01 17:43:54.690,340.91,Excellent
2026-02-01 17:43:59.692,340.91,Excellent
2026-02-01 17:44:04.686,340.91,Excellent
2026-02-01 17:44:09.832,340.91,Excellent
2026-02-01 17:44:14.685,340.91,Excellent
2026-02-01 17:44:19.698,340.91,Excellent
2026-02-01 17:44:24.704,340.91,Excellent
2026-02-01 17:44:29.695,340.91,Excellent
2026-02-01 17:44:34.691,340.91,Excellent
2026-02-01 17:45:20.018,340.91,Excellent
2026-02-01 17:46:19.709,340.91,Excellent
2026-02-01 17:46:24.341,219.45,Excellent
2026-02-01 17:46:40.722,219.45,Excellent
2026-02-01 17:46:40.763,219.45,Excellent
2026-02-01 17:46:45.688,219.45,Excellent
2026-02-01 17:46:50.430,219.45,Excellent
2026-02-01 17:46:55.441,219.45,Excellent
2026-02-01 17:47:00.695,219.45,Excellent
2026-02-01 17:47:05.688,219.45,Excellent
2026-02-01 17:47:10.704,219.45,Excellent
2026-02-01 17:47:15.688,219.45,Excellent
2026-02-01 17:47:20.695,219.45,Excellent
2026-02-01 17:47:25.689,219.45,Excellent
2026-02-01 17:47:30.699,219.45,Excellent
2026-02-01 17:47:35.687,219.45,Excellent
2026-02-01 17:47:40.693,219.45,Excellent
2026-02-01 17:47:45.724,219.45,Excellent
2026-02-01 17:47:50.708,219.45,Excellent
2026-02-01 17:47:55.696,219.45,Excellent
2026-02-01 17:48:00.716,219.45,Excellent
2026-02-01 17:48:05.706,219.45,Excellent
2026-02-01 17:48:10.715,219.45,Excellent
2026-02-01 17:48:15.734,219.45,Excellent
2026-02-01 17:48:20.726,219.45,Excellent
2026-02-01 17:48:25.691,219.45,Excellent
2026-02-01 17:48:30.749,219.45,Excellent
2026-02-01 17:48:35.425,219.45,Excellent
2026-02-01 17:48:40.424,219.45,Excellent
2026-02-01 17:48:45.422,219.45,Excellent
2026-02-01 17:48:50.468,219.45,Excellent
2026-02-01 17:48:55.428,219.45,Excellent
2026-02-01 17:49:00.421,219.45,Excellent
2026-02-01 17:49:05.425,219.45,Excellent
2026-02-01 17:49:10.482,219.45,Excellent
2026-02-01 17:49:15.430,219.45,Excellent
2026-02-01 17:49:20.428,219.45,Excellent
2026-02-01 17:49:25.432,219.45,Excellent
2026-02-01 17:49:30.428,219.45,Excellent
2026-02-01 17:49:35.428,219.45,Excellent
2026-02-01 17:49:40.425,219.45,Excellent
2026-02-01 17:49:45.452,219.45,Excellent
2026-02-01 17:49:50.421,219.45,Excellent
2026-02-01 17:49:55.448,199.2,Excellent
2026-02-01 17:50:00.429,199.2,Excellent
2026-02-01 17:50:05.469,199.2,Excellent
2026-02-01 17:50:10.436,241.82,Excellent
2026-02-01 17:50:15.430,241.82,Excellent
2026-02-01 17:50:20.432,241.82,Excellent
2026-02-01 17:50:25.454,241.82,Excellent
2026-02-01 17:50:30.433,241.82,Excellent
2026-02-01 17:50:35.427,241.82,Excellent
2026-02-01 17:50:40.469,241.82,Excellent
2026-02-01 17:50:45.422,241.82,Excellent
2026-02-01 17:50:50.418,241.82,Excellent
2026-02-01 17:50:55.481,241.82,Excellent
2026-02-01 17:51:00.430,241.82,Excellent
2026-02-01 17:51:05.428,241.82,Excellent
2026-02-01 17:51:10.468,241.82,Excellent
2026-02-01 17:51:15.444,241.82,Excellent
2026-02-01 17:51:20.424,241.82,Excellent
2026-02-01 17:51:25.438,241.82,Excellent
2026-02-01 17:51:30.456,241.82,Excellent
2026-02-01 17:51:36.026,241.82,Excellent
2026-02-01 17:51:40.701,241.82,Excellent
2026-02-01 17:51:45.685,241.82,Excellent
2026-02-01 17:51:50.746,241.82,Excellent
2026-02-01 17:51:55.693,241.82,Excellent
2026-02-01 17:52:59.388,242.49,Excellent
2026-02-01 17:53:03.296,242.49,Excellent
2026-02-01 17:53:04.137,242.49,Excellent
2026-02-01 17:53:04.182,242.49,Excellent
2026-02-01 17:53:09.437,2090.22,Warning
2026-02-01 17:53:14.125,2090.22,Warning
2026-02-01 17:53:19.683,2090.22,Warning
2026-02-01 17:53:24.691,2090.22,Warning
2026-02-01 17:53:29.682,2090.22,Warning
2026-02-01 17:53:34.700,2090.22,Warning
2026-02-01 17:53:39.711,2090.22,Warning
2026-02-01 17:53:44.696,2090.22,Warning
2026-02-01 17:53:49.695,2090.22,Warning
2026-02-01 17:53:54.688,2090.22,Warning
2026-02-01 17:53:59.702,2090.22,Warning
2026-02-01 17:54:04.694,2090.22,Warning
2026-02-01 17:54:09.701,2090.22,Warning
2026-02-01 17:54:14.691,2090.22,Warning
2026-02-01 17:54:19.133,2090.22,Warning
2026-02-01 17:54:24.137,2090.22,Warning
2026-02-01 17:54:29.130,2090.22,Warning
2026-02-01 17:54:35.009,2090.22,Warning
2026-02-01 17:54:39.698,2090.22,Warning
2026-02-01 17:54:44.694,2090.22,Warning
2026-02-01 17:54:49.698,2090.22,Warning
2026-02-01 17:54:54.132,2090.22,Warning
2026-02-01 17:54:59.132,2090.22,Warning
2026-02-01 17:55:04.153,2090.22,Warning
2026-02-01 17:55:09.138,2090.22,Warning
2026-02-01 17:55:14.134,2090.22,Warning
2026-02-01 17:55:19.717,2090.22,Warning
2026-02-01 17:55:24.688,2090.22,Warning
2026-02-01 17:55:29.697,2090.22,Warning
2026-02-01 17:55:34.713,2090.22,Warning
2026-02-01 17:55:39.703,2090.22,Warning
2026-02-01 17:55:44.703,2090.22,Warning
2026-02-01 17:55:49.704,2090.22,Warning
2026-02-01 17:55:54.705,2090.22,Warning
2026-02-01 17:55:59.682,2090.22,Warning
2026-02-01 17:56:04.693,2090.22,Warning
2026-02-01 17:56:09.695,2090.22,Warning
2026-02-01 17:56:14.688,2090.22,Warning
2026-02-01 17:56:19.689,2090.22,Warning
2026-02-01 17:57:20.026,2086.64,Warning
2026-02-01 17:58:19.698,110.43,Excellent
2026-02-01 17:59:19.994,110.43,Excellent
2026-02-01 18:00:19.715,110.43,Excellent
2026-02-01 18:01:20.009,109.72,Excellent
2026-02-01 18:02:19.704,107.6,Excellent
2026-02-01 18:03:20.008,107.6,Excellent
2026-02-01 18:04:19.712,107.6,Excellent
2026-02-01 18:05:20.007,129.97,Excellent
2026-02-01 18:06:19.701,132.09,Excellent
2026-02-01 18:07:20.002,132.09,Excellent
2026-02-01 18:08:20.013,132.09,Excellent
2026-02-01 18:09:19.703,132.8,Excellent
2026-02-01 18:10:20.006,132.09,Excellent
2026-02-01 18:11:19.704,129.97,Excellent
2026-02-01 18:12:20.020,129.97,Excellent
2026-02-01 18:13:19.689,129.97,Excellent
2026-02-01 18:14:19.996,109.72,Excellent
2026-02-01 18:15:19.689,109.72,Excellent
2026-02-01 18:16:20.009,107.6,Excellent
2026-02-01 18:17:19.713,107.6,Excellent
2026-02-01 18:18:20.011,88.42,Excellent
2026-02-01 18:19:19.696,87.35,Excellent
2026-02-01 18:20:20.035,85.23,Excellent
2026-02-01 18:21:02.651,129.97,Excellent
2026-02-01 18:21:04.154,129.97,Excellent
2026-02-01 18:21:09.141,129.97,Excellent
2026-02-01 18:21:15.006,129.97,Excellent
2026-02-01 18:21:19.702,129.97,Excellent
2026-02-01 18:21:24.702,129.97,Excellent
2026-02-01 18:21:29.711,129.97,Excellent
2026-02-01 18:21:34.716,129.97,Excellent
2026-02-01 18:21:39.704,129.97,Excellent
2026-02-01 18:21:44.700,129.97,Excellent
2026-02-01 18:21:49.718,129.97,Excellent
2026-02-01 18:21:54.708,129.97,Excellent
2026-02-01 18:21:59.693,129.97,Excellent
2026-02-01 18:22:04.680,129.97,Excellent
2026-02-01 18:22:09.715,129.97,Excellent
2026-02-01 18:22:19.990,129.97,Excellent
2026-02-01 18:23:19.708,129.97,Excellent
2026-02-01 18:24:20.036,129.97,Excellent
2026-02-01 18:25:19.684,129.97,Excellent
2026-02-01 18:26:20.030,88.06,Excellent
2026-02-01 18:27:19.685,107.6,Excellent
2026-02-01 18:28:20.017,129.97,Excellent
2026-02-01 18:29:19.687,129.97,Excellent
2026-02-01 18:30:20.033,129.97,Excellent
2026-02-01 18:31:19.686,129.97,Excellent
2026-02-01 18:32:20.015,129.97,Excellent
2026-02-01 18:33:19.721,107.6,Excellent
2026-02-01 18:34:20,107.6,Excellent
2026-02-01 18:35:19.710,107.6,Excellent
2026-02-01 18:35:26.976,107.6,Excellent
2026-02-01 18:35:29.136,107.6,Excellent
2026-02-01 18:35:34.684,107.6,Excellent
2026-02-01 18:35:39.686,87.35,Excellent
2026-02-01 18:35:44.697,87.35,Excellent
2026-02-01 18:35:49.698,87.35,Excellent
2026-02-01 18:35:54.716,87.35,Excellent
2026-02-01 18:35:59.706,87.35,Excellent
2026-02-01 18:36:04.692,87.35,Excellent
2026-02-01 18:36:09.695,85.23,Excellent
2026-02-01 18:36:14.706,85.23,Excellent
2026-02-01 18:36:19.685,85.23,Excellent
2026-02-01 18:36:24.700,85.23,Excellent
2026-02-01 18:36:29.699,85.23,Excellent
2026-02-01 18:37:20.005,85.23,Excellent
2026-02-01 18:38:20.023,129.97,Excellent
2026-02-01 18:39:19.718,129.97,Excellent
2026-02-01 18:40:20.012,129.97,Excellent
2026-02-01 18:41:19.693,129.97,Excellent
2026-02-01 18:42:20.015,129.97,Excellent
2026-02-01 18:43:19.705,109.72,Excellent
2026-02-01 18:44:20.008,88.06,Excellent
2026-02-01 18:45:19.700,88.42,Excellent
2026-02-01 18:46:20.025,88.63,Excellent
2026-02-01 18:47:19.694,88.63,Excellent
2026-02-01 18:48:19.993,88.63,Excellent
2026-02-01 18:49:19.719,88.63,Excellent
2026-02-01 18:50:20.009,88.63,Excellent
2026-02-01 18:51:19.711,107.6,Excellent
2026-02-01 18:52:20.026,152.34,Excellent
2026-02-01 18:53:19.693,152.34,Excellent
2026-02-01 18:54:20.021,152.34,Excellent
2026-02-01 18:55:19.687,152.34,Excellent
2026-02-01 18:56:19.992,110.43,Excellent
2026-02-01 18:57:19.713,110.43,Excellent
2026-02-01 18:58:19.995,241.82,Excellent
2026-02-01 18:59:19.743,241.82,Excellent
2026-02-01 19:00:20.024,243.94,Excellent
2026-02-01 19:01:19.694,243.94,Excellent
2026-02-01 19:02:20.029,340.91,Excellent
2026-02-01 19:03:19.703,340.91,Excellent
2026-02-01 19:04:19.996,340.91,Excellent
2026-02-01 19:05:19.730,340.91,Excellent
2026-02-01 19:06:20.001,241.82,Excellent
2026-02-01 19:07:19.738,241.82,Excellent
2026-02-01 19:08:20.004,243.94,Excellent
2026-02-01 19:09:19.831,243.94,Excellent
2026-02-01 19:10:20.053,241.82,Excellent
2026-02-01 19:11:19.701,241.82,Excellent
2026-02-01 19:12:20,155.17,Excellent
2026-02-01 19:13:19.722,197.08,Excellent
2026-02-01 19:14:20.036,241.82,Excellent
2026-02-01 19:15:19.698,340.91,Excellent
2026-02-01 19:16:20.044,340.91,Excellent
2026-02-01 19:17:19.702,340.91,Excellent
2026-02-01 19:18:20.027,340.91,Excellent
2026-02-01 19:19:19.693,340.91,Excellent
2026-02-01 19:20:20.045,241.82,Excellent
2026-02-01 19:21:19.694,241.82,Excellent
2026-02-01 19:22:20.042,241.82,Excellent
2026-02-01 19:23:19.693,241.82,Excellent
2026-02-01 19:24:20.011,241.82,Excellent
2026-02-01 19:25:19.702,241.82,Excellent
2026-02-01 19:26:20.026,241.82,Excellent
2026-02-01 19:27:19.726,174.71,Excellent
2026-02-01 19:28:20.012,174.71,Excellent
2026-02-01 19:29:19.695,197.08,Excellent
2026-02-01 19:30:19.987,197.08,Excellent
2026-02-01 19:31:19.722,197.08,Excellent
2026-02-01 19:32:20.026,221.57,Excellent
2026-02-01 19:33:19.692,221.57,Excellent
2026-02-01 19:34:20.001,221.57,Excellent
2026-02-01 19:35:19.688,221.57,Excellent
2026-02-01 19:36:20.015,219.45,Excellent
2026-02-01 19:37:19.709,155.17,Excellent
2026-02-01 19:38:19.999,155.52,Excellent
2026-02-01 19:39:19.699,155.88,Excellent
2026-02-01 19:40:20.048,197.08,Excellent
2026-02-01 19:41:19.705,264.19,Excellent
2026-02-01 19:42:20.014,264.19,Excellent
2026-02-01 19:43:19.712,264.19,Excellent
2026-02-01 19:44:20.058,264.19,Excellent
2026-02-01 19:45:19.697,264.19,Excellent
2026-02-01 19:46:20.036,219.45,Excellent
2026-02-01 19:47:19.726,241.82,Excellent
2026-02-01 19:48:20.028,241.82,Excellent
2026-02-01 19:49:19.732,241.82,Excellent
2026-02-01 19:50:19.992,241.82,Excellent
2026-02-01 19:51:19.719,241.82,Excellent
2026-02-01 19:52:20.049,219.45,Excellent
2026-02-01 19:53:19.753,197.08,Excellent
2026-02-01 19:54:20.052,174.71,Excellent
2026-02-01 19:55:19.743,241.82,Excellent
2026-02-01 19:56:20.034,241.82,Excellent
2026-02-01 19:57:19.724,241.82,Excellent
2026-02-01 19:58:20.016,243.94,Excellent
2026-02-01 19:58:59.853,243.94,Excellent
2026-02-01 19:59:04.685,243.94,Excellent
2026-02-01 19:59:09.683,241.82,Excellent
2026-02-01 19:59:14.698,241.82,Excellent
2026-02-01 19:59:19.734,241.82,Excellent
2026-02-01 19:59:24.705,241.82,Excellent
2026-02-01 19:59:29.719,241.82,Excellent
2026-02-01 19:59:34.735,241.82,Excellent
2026-02-01 19:59:39.740,241.82,Excellent
2026-02-01 19:59:44.708,241.82,Excellent
2026-02-01 19:59:49.735,241.82,Excellent
2026-02-01 19:59:54.702,241.82,Excellent
2026-02-01 19:59:59.689,241.82,Excellent
2026-02-01 20:00:20.035,241.82,Excellent
2026-02-01 20:01:19.733,241.82,Excellent
2026-02-01 20:02:20.009,243.94,Excellent
2026-02-01 20:09:40.854,535.98,Good
2026-02-01 20:09:44.102,535.98,Good
2026-02-01 20:09:44.149,535.98,Good
2026-02-01 20:09:49.718,535.98,Good
2026-02-01 20:09:56.481,535.08,Good
2026-02-01 20:09:59.692,535.08,Good
2026-02-01 20:10:04.683,535.08,Good
2026-02-01 20:10:09.717,534.19,Good
2026-02-01 20:10:14.699,534.19,Good
2026-02-01 20:10:19.711,534.19,Good
2026-02-01 20:11:20.009,530.61,Good
2026-02-01 20:12:19.699,527.03,Good
2026-02-01 20:13:20.010,523.45,Good
2026-02-01 20:14:19.710,519.87,Good
2026-02-01 20:15:20.016,221.57,Excellent
2026-02-01 20:16:19.725,219.45,Excellent
2026-02-01 20:17:19.998,219.45,Excellent
2026-02-01 20:18:19.686,264.19,Excellent
2026-02-01 20:19:20.007,264.19,Excellent
2026-02-01 20:20:19.693,264.19,Excellent
2026-02-01 20:21:20.039,264.19,Excellent
2026-02-01 20:22:19.728,264.19,Excellent
2026-02-01 20:23:20.040,174.71,Excellent
2026-02-01 20:24:20.014,174.71,Excellent
2026-02-01 20:25:20.042,154.46,Excellent
2026-02-01 20:26:19.709,174.71,Excellent
2026-02-01 20:27:20.038,199.2,Excellent
2026-02-01 20:28:19.700,219.45,Excellent
2026-02-01 20:29:20.009,219.45,Excellent
2026-02-01 20:29:37.647,219.45,Excellent
2026-02-01 20:29:37.672,219.45,Excellent
2026-02-01 21:17:53.122,446.5,Excellent
2026-02-01 21:17:53.227,446.5,Excellent
2026-02-01 21:17:58.697,446.5,Excellent
2026-02-01 21:18:03.684,446.5,Excellent
2026-02-01 21:18:08.689,445.6,Excellent
2026-02-01 21:18:13.680,445.6,Excellent
2026-02-01 21:18:18.694,445.6,Excellent
2026-02-01 21:18:23.689,444.71,Excellent
2026-02-01 21:18:28.720,444.71,Excellent
2026-02-01 21:19:19.997,442.02,Excellent
2026-02-01 21:20:19.686,438.44,Excellent
2026-02-01 21:21:20.007,434.87,Excellent
2026-02-01 21:22:19.696,431.29,Excellent
2026-02-01 21:23:20.018,174.71,Excellent
2026-02-01 21:24:19.725,219.45,Excellent
2026-02-01 21:25:20.049,219.45,Excellent
2026-02-01 21:26:19.696,219.45,Excellent
2026-02-01 21:27:20.069,219.45,Excellent
2026-02-01 21:28:19.699,197.08,Excellent
2026-02-01 21:29:20.036,197.08,Excellent
2026-02-01 21:30:19.712,219.45,Excellent
2026-02-01 21:31:20.009,219.45,Excellent
2026-02-01 21:32:19.692,219.45,Excellent
2026-02-01 21:33:20.024,219.45,Excellent
2026-02-01 21:34:19.711,197.08,Excellent
2026-02-01 21:35:20.037,174.71,Excellent
2026-02-01 21:36:19.716,174.71,Excellent
2026-02-01 21:37:20.033,197.08,Excellent
2026-02-01 21:38:19.692,197.08,Excellent
2026-02-01 21:39:20.053,197.08,Excellent
2026-02-01 21:40:19.694,197.08,Excellent
2026-02-01 21:41:20.015,174.71,Excellent
2026-02-01 21:42:19.716,152.34,Excellent
2026-02-01 21:43:20.016,155.17,Excellent
2026-02-01 21:44:19.697,155.17,Excellent
2026-02-01 21:45:20.003,155.52,Excellent
2026-02-01 21:46:19.709,155.17,Excellent
2026-02-01 21:47:20.003,155.17,Excellent
2026-02-01 21:48:20.003,154.46,Excellent
2026-02-01 21:49:19.722,154.46,Excellent
2026-02-01 21:50:20.034,152.34,Excellent
2026-02-01 21:51:19.705,219.45,Excellent
2026-02-01 21:52:20.009,219.45,Excellent
2026-02-01 21:53:19.709,219.45,Excellent
2026-02-01 21:54:20.012,219.45,Excellent
2026-02-01 21:55:20.005,219.45,Excellent
2026-02-01 21:56:19.704,174.71,Excellent
2026-02-01 21:57:20.042,174.71,Excellent
2026-02-01 21:58:20.002,197.08,Excellent
2026-02-01 21:59:19.714,197.08,Excellent
2026-02-01 22:00:20.001,197.08,Excellent
2026-02-01 22:01:19.705,197.08,Excellent
2026-02-01 22:02:20.051,152.34,Excellent
2026-02-01 22:03:19.725,197.08,Excellent
2026-02-01 22:04:20.002,197.08,Excellent
2026-02-01 22:05:19.693,197.08,Excellent
2026-02-01 22:06:20.011,197.08,Excellent
2026-02-01 22:07:19.711,197.08,Excellent
2026-02-01 22:08:20.020,174.71,Excellent
2026-02-01 22:09:19.692,174.71,Excellent
2026-02-01 22:10:01.920,174.71,Excellent
2026-02-01 22:10:02.826,174.71,Excellent
2026-02-01 22:10:07.888,174.71,Excellent
2026-02-01 22:10:12.828,174.71,Excellent
2026-02-01 22:10:17.823,174.71,Excellent
2026-02-01 22:10:23.710,174.71,Excellent
2026-02-01 22:10:28.687,174.71,Excellent
2026-02-01 22:10:33.688,174.71,Excellent
2026-02-01 22:10:38.695,174.71,Excellent
2026-02-01 22:10:43.709,174.71,Excellent
2026-02-01 22:10:48.686,174.71,Excellent
2026-02-01 22:10:53.709,174.71,Excellent
2026-02-01 22:10:58.685,174.71,Excellent
2026-02-01 22:11:03.733,174.71,Excellent
2026-02-01 22:11:08.709,174.71,Excellent
2026-02-01 22:11:13.695,174.71,Excellent
2026-02-01 22:11:18.720,174.71,Excellent
2026-02-01 22:11:23.693,174.71,Excellent
2026-02-01 22:11:28.691,174.71,Excellent
2026-02-01 22:11:33.363,174.71,Excellent
2026-02-01 22:11:37.872,155.17,Excellent
2026-02-01 22:11:44.054,155.17,Excellent
2026-02-01 22:11:48.697,155.17,Excellent
2026-02-01 22:11:53.629,155.17,Excellent
2026-02-01 22:11:57.823,155.17,Excellent
2026-02-01 22:12:02.827,155.17,Excellent
2026-02-01 22:12:08.705,155.17,Excellent
2026-02-01 22:12:13.690,155.17,Excellent
2026-02-01 22:12:18.688,155.17,Excellent
2026-02-01 22:12:23.686,197.08,Excellent
2026-02-01 22:12:28.694,197.08,Excellent
2026-02-01 22:12:33.712,197.08,Excellent
2026-02-01 22:12:38.707,197.08,Excellent
2026-02-01 22:12:43.690,197.08,Excellent
2026-02-01 22:12:48.733,197.08,Excellent
2026-02-01 22:12:53.701,197.08,Excellent
2026-02-01 22:12:58.707,197.08,Excellent
2026-02-01 22:13:03.687,197.08,Excellent
2026-02-01 22:13:08.693,197.08,Excellent
2026-02-01 22:13:13.694,197.08,Excellent
2026-02-01 22:13:18.693,197.08,Excellent
2026-02-01 22:13:23.690,197.08,Excellent
2026-02-01 22:13:28.694,197.08,Excellent
2026-02-01 22:13:33.685,197.08,Excellent
2026-02-01 22:13:38.689,197.08,Excellent
2026-02-01 22:13:43.720,197.08,Excellent
2026-02-01 22:13:48.686,197.08,Excellent
2026-02-01 22:13:53.687,197.08,Excellent
2026-02-01 22:13:58.689,197.08,Excellent
2026-02-01 22:14:03.717,197.08,Excellent
2026-02-01 22:14:08.699,197.08,Excellent
2026-02-01 22:14:13.694,197.08,Excellent
2026-02-01 22:14:18.695,197.08,Excellent
2026-02-01 22:14:23.703,197.08,Excellent
2026-02-01 22:14:28.682,197.08,Excellent
2026-02-01 22:14:33.689,197.08,Excellent
2026-02-01 22:14:38.701,197.08,Excellent
2026-02-01 22:14:43.688,197.08,Excellent
2026-02-01 22:14:48.691,197.08,Excellent
2026-02-01 22:14:53.712,197.08,Excellent
2026-02-01 22:14:58.683,197.08,Excellent
2026-02-01 22:15:03.704,197.08,Excellent
2026-02-01 22:15:08.695,197.08,Excellent
2026-02-01 22:15:13.697,197.08,Excellent
2026-02-01 22:15:18.700,197.08,Excellent
2026-02-01 22:15:23.685,197.08,Excellent
2026-02-01 22:15:28.705,197.08,Excellent
2026-02-01 22:15:33.686,197.08,Excellent
2026-02-01 22:15:38.685,197.08,Excellent
2026-02-01 22:15:43.727,197.08,Excellent
2026-02-01 22:15:48.716,197.08,Excellent
2026-02-01 22:15:53.714,197.08,Excellent
2026-02-01 22:15:58.686,197.08,Excellent
2026-02-01 22:16:03.689,197.08,Excellent
2026-02-01 22:16:08.709,197.08,Excellent
2026-02-01 22:16:13.682,197.08,Excellent
2026-02-01 22:16:18.691,197.08,Excellent
2026-02-01 22:16:23.732,197.08,Excellent
2026-02-01 22:16:28.690,197.08,Excellent
2026-02-01 22:16:33.742,197.08,Excellent
2026-02-01 22:16:38.698,197.08,Excellent
2026-02-01 22:16:43.731,197.08,Excellent
2026-02-01 22:16:48.694,197.08,Excellent
2026-02-01 22:16:53.703,197.08,Excellent
2026-02-01 22:16:58.692,197.08,Excellent
2026-02-01 22:17:03.715,197.08,Excellent
2026-02-01 22:17:20.043,155.52,Excellent
2026-02-01 22:18:20.022,155.17,Excellent
2026-02-01 22:19:19.695,154.46,Excellent
2026-02-01 22:20:20.022,197.08,Excellent
2026-02-01 22:21:19.716,197.08,Excellent
2026-02-01 22:22:15.110,197.08,Excellent
2026-02-01 22:22:17.837,197.08,Excellent
2026-02-01 22:22:22.829,197.08,Excellent
2026-02-01 22:22:27.826,197.08,Excellent
2026-02-01 22:22:32.823,197.08,Excellent
2026-02-01 22:22:37.831,197.08,Excellent
2026-02-01 22:22:42.831,197.08,Excellent
2026-02-01 22:22:47.836,197.08,Excellent
2026-02-01 22:22:52.828,197.08,Excellent
2026-02-01 22:22:57.833,197.08,Excellent
2026-02-01 22:23:02.829,197.08,Excellent
2026-02-01 22:23:07.846,197.08,Excellent
2026-02-01 22:23:12.876,197.08,Excellent
2026-02-01 22:23:19.011,197.08,Excellent
2026-02-01 22:23:23.680,197.08,Excellent
2026-02-01 22:23:28.699,197.08,Excellent
2026-02-01 22:23:33.697,197.08,Excellent
2026-02-01 22:23:38.709,197.08,Excellent
2026-02-01 22:23:43.701,197.08,Excellent
2026-02-01 22:23:48.685,197.08,Excellent
2026-02-01 22:23:53.695,197.08,Excellent
2026-02-01 22:23:58.709,197.08,Excellent
2026-02-01 22:24:03.690,197.08,Excellent
2026-02-01 22:24:08.704,197.08,Excellent
2026-02-01 22:24:13.692,197.08,Excellent
2026-02-01 22:24:18.687,197.08,Excellent
2026-02-01 22:24:23.688,197.08,Excellent
2026-02-01 22:24:28.699,197.08,Excellent
2026-02-01 22:24:33.682,197.08,Excellent
2026-02-01 22:24:38.688,154.46,Excellent
2026-02-01 22:24:43.681,154.46,Excellent
2026-02-01 22:24:48.695,154.46,Excellent
2026-02-01 22:24:53.685,154.46,Excellent
2026-02-01 22:24:58.689,154.46,Excellent
2026-02-01 22:25:03.688,154.46,Excellent
2026-02-01 22:25:08.697,154.46,Excellent
2026-02-01 22:25:13.687,154.46,Excellent
2026-02-01 22:25:18.686,154.46,Excellent
2026-02-01 22:25:23.703,154.46,Excellent
2026-02-01 22:25:28.686,154.46,Excellent
2026-02-01 22:25:33.687,154.46,Excellent
2026-02-01 22:25:38.725,154.46,Excellent
2026-02-01 22:25:43.700,154.46,Excellent
2026-02-01 22:25:48.684,154.46,Excellent
2026-02-01 22:25:53.698,155.17,Excellent
2026-02-01 22:25:58.702,155.17,Excellent
2026-02-01 22:26:03.685,155.17,Excellent
2026-02-01 22:26:08.728,154.46,Excellent
2026-02-01 22:26:13.688,154.46,Excellent
2026-02-01 22:26:18.704,154.46,Excellent
2026-02-01 22:26:23.696,154.46,Excellent
2026-02-01 22:26:28.712,154.46,Excellent
2026-02-01 22:26:33.688,154.46,Excellent
2026-02-01 22:26:38.699,154.46,Excellent
2026-02-01 22:26:43.716,154.46,Excellent
2026-02-01 22:26:48.706,154.46,Excellent
2026-02-01 22:26:53.719,155.17,Excellent
2026-02-01 22:26:58.694,155.17,Excellent
2026-02-01 22:27:03.710,155.17,Excellent
2026-02-01 22:27:08.698,155.17,Excellent
2026-02-01 22:27:13.700,155.17,Excellent
2026-02-01 22:27:18.694,155.17,Excellent
2026-02-01 22:27:23.694,155.17,Excellent
2026-02-01 22:27:28.743,155.17,Excellent
2026-02-01 22:27:33.691,155.17,Excellent
2026-02-01 22:27:38.686,155.52,Excellent
2026-02-01 22:27:43.691,155.52,Excellent
2026-02-01 22:27:48.691,155.52,Excellent
2026-02-01 22:27:53.699,155.74,Excellent
2026-02-01 22:27:58.689,155.74,Excellent
2026-02-01 22:28:03.686,155.74,Excellent
2026-02-01 22:28:08.722,155.52,Excellent
2026-02-01 22:28:12.830,155.52,Excellent
2026-02-01 22:28:15.360,155.52,Excellent
2026-02-01 22:28:15.405,155.52,Excellent
2026-02-01 22:28:20.363,155.52,Excellent
2026-02-01 22:28:25.708,155.52,Excellent
2026-02-01 22:28:30.691,155.52,Excellent
2026-02-01 22:28:35.695,155.52,Excellent
2026-02-01 22:28:40.717,155.52,Excellent
2026-02-01 22:28:45.696,155.52,Excellent
2026-02-01 22:28:50.717,155.52,Excellent
2026-02-01 22:28:55.686,155.52,Excellent
2026-02-01 22:29:00.692,155.52,Excellent
2026-02-01 22:29:05.703,155.52,Excellent
2026-02-01 22:29:10.703,155.52,Excellent
2026-02-01 22:29:15.705,155.52,Excellent
2026-02-01 22:29:20.712,155.52,Excellent
2026-02-01 22:29:28.640,155.74,Excellent
2026-02-01 22:29:30.689,155.74,Excellent
2026-02-01 22:29:35.686,155.74,Excellent
2026-02-01 22:29:41,155.74,Excellent
2026-02-01 22:29:45.687,155.74,Excellent
2026-02-01 22:29:50.698,155.74,Excellent
2026-02-01 22:29:55.708,155.74,Excellent
2026-02-01 22:30:00.715,155.74,Excellent
2026-02-01 22:30:05.692,155.74,Excellent
2026-02-01 22:30:10.689,155.88,Excellent
2026-02-01 22:30:15.690,155.88,Excellent
2026-02-01 22:30:20.699,155.88,Excellent
2026-02-01 22:30:25.693,155.88,Excellent
2026-02-01 22:31:20.033,155.74,Excellent
2026-02-01 22:32:19.711,155.74,Excellent
2026-02-01 22:33:20.141,155.52,Excellent
2026-02-01 22:33:20.371,155.52,Excellent
2026-02-01 22:33:25.699,155.52,Excellent
2026-02-01 22:33:30.710,155.52,Excellent
2026-02-01 22:33:35.695,155.52,Excellent
2026-02-01 22:33:40.685,174.71,Excellent
2026-02-01 22:33:45.686,174.71,Excellent
2026-02-01 22:33:50.703,174.71,Excellent
2026-02-01 22:33:55.692,174.71,Excellent
2026-02-01 22:34:00.687,174.71,Excellent
2026-02-01 22:34:05.714,174.71,Excellent
2026-02-01 22:34:10.691,174.71,Excellent
2026-02-01 22:34:15.688,174.71,Excellent
2026-02-01 22:34:20.697,174.71,Excellent
2026-02-01 22:34:25.690,174.71,Excellent
2026-02-01 22:34:30.691,174.71,Excellent
2026-02-01 22:34:35.709,174.71,Excellent
2026-02-01 22:34:40.698,174.71,Excellent
2026-02-01 22:35:19.999,174.71,Excellent
2026-02-01 22:36:20.063,174.71,Excellent
2026-02-01 22:37:19.698,219.45,Excellent
2026-02-01 22:38:22.018,219.45,Excellent
2026-02-01 22:39:20.010,219.45,Excellent
2026-02-01 22:40:19.703,219.45,Excellent
2026-02-01 22:41:20.076,219.45,Excellent
2026-02-01 22:42:19.695,176.83,Excellent
2026-02-01 22:43:20.043,177.54,Excellent
2026-02-01 22:44:19.737,176.83,Excellent
2026-02-01 22:45:20.022,176.83,Excellent
2026-02-01 22:46:19.711,176.83,Excellent
2026-02-01 22:46:20.756,176.83,Excellent
2026-02-01 22:46:25.364,174.71,Excellent
2026-02-01 22:46:30.374,174.71,Excellent
2026-02-01 22:46:35.377,174.71,Excellent
2026-02-01 22:46:36.556,174.71,Excellent
2026-02-01 22:46:36.594,174.71,Excellent
2026-02-01 22:46:41.586,174.71,Excellent
2026-02-01 22:46:46.569,174.71,Excellent
2026-02-01 22:46:51.574,174.71,Excellent
2026-02-01 22:46:56.689,174.71,Excellent
2026-02-01 22:47:01.595,174.71,Excellent
2026-02-01 22:47:06.570,174.71,Excellent
2026-02-01 22:47:11.571,174.71,Excellent
2026-02-01 22:47:16.587,174.71,Excellent
2026-02-01 22:47:21.591,174.71,Excellent
2026-02-01 22:47:26.691,174.71,Excellent
2026-02-01 22:47:31.686,174.71,Excellent
2026-02-01 22:47:36.699,174.71,Excellent
2026-02-01 22:47:42.018,174.71,Excellent
2026-02-01 22:47:46.568,174.71,Excellent
2026-02-01 22:47:51.690,154.46,Excellent
2026-02-01 22:47:56.686,154.46,Excellent
2026-02-01 22:48:01.687,154.46,Excellent
2026-02-01 22:48:06.692,154.46,Excellent
2026-02-01 22:48:11.691,154.46,Excellent
2026-02-01 22:48:16.689,154.46,Excellent
2026-02-01 22:48:21.697,154.46,Excellent
2026-02-01 22:48:26.701,154.46,Excellent
2026-02-01 22:48:31.702,154.46,Excellent
2026-02-01 22:48:36.692,155.17,Excellent
2026-02-01 22:48:41.688,155.17,Excellent
2026-02-01 22:48:46.694,155.17,Excellent
2026-02-01 22:48:53.394,155.17,Excellent
2026-02-01 22:48:56.572,155.17,Excellent
2026-02-01 22:49:01.588,155.17,Excellent
2026-02-01 22:49:06.577,155.17,Excellent
2026-02-01 22:49:11.696,155.17,Excellent
2026-02-01 22:49:16.700,155.17,Excellent
2026-02-01 22:49:21.689,155.17,Excellent
2026-02-01 22:49:26.703,155.17,Excellent
2026-02-01 22:49:31.712,155.17,Excellent
2026-02-01 22:49:36.701,155.17,Excellent
2026-02-01 22:49:41.698,155.17,Excellent
2026-02-01 22:49:46.708,155.17,Excellent
2026-02-01 22:49:51.691,241.59,Excellent
2026-02-01 22:49:56.699,241.59,Excellent
2026-02-01 22:50:01.570,241.59,Excellent
2026-02-01 22:50:06.571,241.59,Excellent
2026-02-01 22:50:11.686,241.59,Excellent
2026-02-01 22:50:16.583,241.59,Excellent
2026-02-01 22:50:21.715,241.59,Excellent
2026-02-01 22:50:26.700,241.59,Excellent
2026-02-01 22:50:31.696,241.59,Excellent
2026-02-01 22:50:36.692,241.59,Excellent
2026-02-01 22:50:41.704,241.59,Excellent
2026-02-01 22:50:46.699,241.59,Excellent
2026-02-01 22:50:51.687,241.59,Excellent
2026-02-01 22:50:56.686,241.59,Excellent
2026-02-01 22:51:01.688,241.59,Excellent
2026-02-01 22:51:06.697,241.59,Excellent
2026-02-01 22:51:11.698,241.59,Excellent
2026-02-01 22:51:16.699,241.59,Excellent
2026-02-01 22:59:23.709,264.19,Excellent
2026-02-01 22:59:28.715,264.19,Excellent
2026-02-01 22:59:33.716,264.19,Excellent
2026-02-01 22:59:38.707,264.19,Excellent
2026-02-01 22:59:43.708,264.19,Excellent
2026-02-01 22:59:48.688,264.19,Excellent
2026-02-01 22:59:53.700,264.19,Excellent
2026-02-01 22:59:58.698,264.19,Excellent
2026-02-01 23:00:03.685,264.19,Excellent
2026-02-01 23:00:10.776,264.19,Excellent
2026-02-01 23:00:13.630,264.19,Excellent
2026-02-01 23:00:18.711,264.19,Excellent
2026-02-01 23:00:23.639,264.19,Excellent
2026-02-01 23:00:27.658,264.19,Excellent
2026-02-01 23:00:27.694,264.19,Excellent
2026-02-01 23:00:32.663,264.19,Excellent
2026-02-01 23:00:37.673,264.19,Excellent
2026-02-01 23:00:42.683,264.19,Excellent
2026-02-01 23:00:47.649,264.19,Excellent
2026-02-01 23:00:52.668,264.19,Excellent
2026-02-01 23:00:57.658,264.19,Excellent
2026-02-01 23:01:02.662,264.19,Excellent
2026-02-01 23:01:07.652,264.19,Excellent
2026-02-01 23:01:12.688,264.19,Excellent
2026-02-01 23:01:17.688,264.19,Excellent
2026-02-01 23:01:22.687,264.19,Excellent
2026-02-01 23:01:27.694,264.19,Excellent
2026-02-01 23:01:32.700,264.19,Excellent
2026-02-01 23:01:37.692,264.19,Excellent
2026-02-01 23:01:42.713,264.19,Excellent
2026-02-01 23:01:47.715,264.19,Excellent
2026-02-01 23:01:52.688,264.19,Excellent
2026-02-01 23:01:57.694,264.19,Excellent
2026-02-01 23:02:02.689,264.19,Excellent
2026-02-01 23:02:07.685,264.19,Excellent
2026-02-01 23:02:22.549,264.19,Excellent
2026-02-01 23:02:37.740,264.19,Excellent
2026-02-01 23:02:42.658,264.19,Excellent
2026-02-01 23:02:47.665,264.19,Excellent
2026-02-01 23:02:52.670,264.19,Excellent
2026-02-01 23:02:54.014,264.19,Excellent
2026-02-01 23:02:54.044,264.19,Excellent
2026-02-01 23:02:59.028,264.19,Excellent
2026-02-01 23:03:04.039,264.19,Excellent
2026-02-01 23:03:09.698,264.19,Excellent
2026-02-01 23:03:14.687,264.19,Excellent
2026-02-01 23:03:19.696,264.19,Excellent
2026-02-01 23:03:24.696,264.19,Excellent
2026-02-01 23:03:38.256,152.34,Excellent
2026-02-01 23:03:38.289,152.34,Excellent
2026-02-01 23:03:39.697,152.34,Excellent
2026-02-01 23:03:46.367,152.34,Excellent
2026-02-01 23:03:49.691,152.34,Excellent
2026-02-01 23:03:55,152.34,Excellent
2026-02-01 23:03:59.697,152.34,Excellent
2026-02-01 23:04:04.689,152.34,Excellent
2026-02-01 23:04:19.695,152.34,Excellent
2026-02-01 23:05:07.074,152.34,Excellent
2026-02-01 23:05:09.695,152.34,Excellent
2026-02-01 23:05:14.019,152.34,Excellent
2026-02-01 23:05:19.703,152.34,Excellent
2026-02-01 23:05:24.688,152.34,Excellent
2026-02-01 23:05:29.683,152.34,Excellent
2026-02-01 23:05:34.690,152.34,Excellent
2026-02-01 23:05:46.632,152.34,Excellent
2026-02-01 23:05:46.654,152.34,Excellent
2026-02-01 23:05:49.996,152.34,Excellent
2026-02-01 23:05:54.700,152.34,Excellent
2026-02-01 23:06:00.026,152.34,Excellent
2026-02-01 23:06:04.688,152.34,Excellent
2026-02-01 23:06:10.006,152.34,Excellent
2026-02-01 23:06:19.688,152.34,Excellent
2026-02-01 23:07:20.043,132.09,Excellent
2026-02-02 00:10:20.070,66.58,Excellent
2026-02-02 00:11:17.819,66.58,Excellent
2026-02-02 00:11:18.926,66.58,Excellent
2026-02-02 00:11:23.930,66.75,Excellent
2026-02-02 00:11:28.934,66.75,Excellent
2026-02-02 00:11:33.938,66.75,Excellent
2026-02-02 00:11:38.927,66.75,Excellent
2026-02-02 00:11:43.927,66.75,Excellent
2026-02-02 00:11:48.932,66.75,Excellent
2026-02-02 00:11:53.917,66.75,Excellent
2026-02-02 00:11:58.926,66.75,Excellent
2026-02-02 00:12:03.931,66.75,Excellent
2026-02-02 00:12:08.932,66.75,Excellent
2026-02-02 00:12:13.932,66.75,Excellent
2026-02-02 00:12:18.935,66.75,Excellent
2026-02-02 00:12:23.937,66.75,Excellent
2026-02-02 00:12:28.923,66.75,Excellent
2026-02-02 00:12:35.001,66.75,Excellent
2026-02-02 00:12:39.690,66.75,Excellent
2026-02-02 00:12:44.686,66.75,Excellent
2026-02-02 00:12:49.686,66.75,Excellent
2026-02-02 00:12:54.718,66.75,Excellent
2026-02-02 00:12:59.688,66.75,Excellent
2026-02-02 00:13:05.015,66.75,Excellent
2026-02-02 00:13:09.683,66.75,Excellent
2026-02-02 00:13:14.696,66.75,Excellent
2026-02-02 00:13:19.682,66.75,Excellent
2026-02-02 00:13:24.690,85.23,Excellent
2026-02-02 00:13:29.700,85.23,Excellent
2026-02-02 00:14:19.697,87.35,Excellent
2026-02-02 00:15:19.698,88.06,Excellent
2026-02-02 00:16:19.686,88.06,Excellent
2026-02-02 00:17:06.331,88.42,Excellent
2026-02-02 00:17:08.937,88.42,Excellent
2026-02-02 00:17:13.921,88.42,Excellent
2026-02-02 00:17:18.924,88.42,Excellent
2026-02-02 00:17:23.927,88.42,Excellent
2026-02-02 00:17:28.938,88.42,Excellent
2026-02-02 00:17:33.929,88.42,Excellent
2026-02-02 00:17:38.930,88.42,Excellent
2026-02-02 00:17:45.010,88.42,Excellent
2026-02-02 00:17:49.693,88.42,Excellent
2026-02-02 00:17:54.691,88.42,Excellent
2026-02-02 00:17:59.683,88.42,Excellent
2026-02-02 00:18:04.694,88.42,Excellent
2026-02-02 00:18:09.696,88.06,Excellent
2026-02-02 00:18:14.704,88.06,Excellent
2026-02-02 00:18:19.705,88.06,Excellent
2026-02-02 00:18:24.682,88.06,Excellent
2026-02-02 00:18:29.705,88.06,Excellent
2026-02-02 00:18:34.690,88.06,Excellent
2026-02-02 00:18:39.699,88.06,Excellent
2026-02-02 00:18:43.928,88.06,Excellent
2026-02-02 00:18:48.936,88.06,Excellent
2026-02-02 00:18:53.926,88.06,Excellent
2026-02-02 00:18:58.933,88.06,Excellent
2026-02-02 00:19:03.934,88.06,Excellent
2026-02-02 00:19:08.924,88.06,Excellent
2026-02-02 00:19:13.937,88.06,Excellent
2026-02-02 00:19:18.964,88.06,Excellent
2026-02-02 00:19:23.916,88.06,Excellent
2026-02-02 00:19:28.928,88.06,Excellent
2026-02-02 00:19:33.930,88.06,Excellent
2026-02-02 00:19:38.922,88.42,Excellent
2026-02-02 00:19:43.937,88.42,Excellent
2026-02-02 00:19:48.626,88.42,Excellent
2026-02-02 00:19:54.005,88.42,Excellent
2026-02-02 00:19:58.717,88.42,Excellent
2026-02-02 00:20:03.693,88.42,Excellent
2026-02-02 00:20:08.713,88.42,Excellent
2026-02-02 00:20:13.696,88.42,Excellent
2026-02-02 00:20:18.714,88.42,Excellent
2026-02-02 00:20:23.701,88.63,Excellent
2026-02-02 00:20:28.716,88.63,Excellent
2026-02-02 00:20:33.695,88.63,Excellent
2026-02-02 00:20:38.682,88.63,Excellent
2026-02-02 00:20:43.689,88.63,Excellent
2026-02-02 00:20:48.683,88.63,Excellent
2026-02-02 00:21:20.064,88.63,Excellent
2026-02-02 00:22:19.689,88.42,Excellent
2026-02-02 00:23:20.005,88.06,Excellent
2026-02-02 00:24:19.701,129.97,Excellent
2026-02-02 00:25:20.056,129.97,Excellent
2026-02-02 00:26:11.174,132.09,Excellent
2026-02-02 00:26:13.662,132.09,Excellent
2026-02-02 00:26:18.697,132.09,Excellent
2026-02-02 00:26:23.715,132.09,Excellent
2026-02-02 00:26:25.892,132.09,Excellent
2026-02-02 00:26:30.943,132.09,Excellent
2026-02-02 00:26:35.907,132.09,Excellent
2026-02-02 00:26:41.998,132.09,Excellent
2026-02-02 00:26:46.696,132.09,Excellent
2026-02-02 00:26:51.684,132.09,Excellent
2026-02-02 00:26:55.922,132.09,Excellent
2026-02-02 00:27:00.896,132.09,Excellent
2026-02-02 00:27:05.896,132.09,Excellent
2026-02-02 00:27:10.905,132.09,Excellent
2026-02-02 00:27:15.906,132.09,Excellent
2026-02-02 00:27:20.923,132.09,Excellent
2026-02-02 00:27:25.930,132.09,Excellent
2026-02-02 00:27:30.899,132.09,Excellent
2026-02-02 00:27:35.942,132.09,Excellent
2026-02-02 00:27:40.910,132.09,Excellent
2026-02-02 00:27:47.018,132.09,Excellent
2026-02-02 00:27:51.692,132.09,Excellent
2026-02-02 00:27:56.696,132.09,Excellent
2026-02-02 00:28:01.705,132.09,Excellent
2026-02-02 00:28:06.784,132.09,Excellent
2026-02-02 00:28:11.709,132.09,Excellent
2026-02-02 00:28:16.715,132.09,Excellent
2026-02-02 00:28:21.694,129.97,Excellent
2026-02-02 00:28:26.692,129.97,Excellent
2026-02-02 00:28:31.685,129.97,Excellent
2026-02-02 00:28:36.706,132.09,Excellent
2026-02-02 00:28:41.686,132.09,Excellent
2026-02-02 00:29:20.050,132.8,Excellent
2026-02-02 00:30:19.724,152.34,Excellent
2026-02-02 00:31:20.024,152.34,Excellent
2026-02-02 00:32:19.693,152.34,Excellent
2026-02-02 00:33:20.012,154.46,Excellent
2026-02-02 00:34:19.733,155.17,Excellent
2026-02-02 00:35:20.027,154.46,Excellent
2026-02-02 00:36:19.692,154.46,Excellent
2026-02-02 00:37:19.998,154.46,Excellent
2026-02-02 00:38:19.717,152.34,Excellent
2026-02-03 19:41:16.258,132.88,Excellent
2026-02-03 19:41:21.276,132.88,Excellent
2026-02-03 19:41:26.259,132.65,Excellent
2026-02-03 19:41:31.267,132.65,Excellent
2026-02-03 19:41:36.250,132.65,Excellent
2026-02-03 19:49:00.145,88.92,Excellent
2026-02-03 19:50:00.437,178.06,Excellent
2026-02-03 19:51:01.522,175.75,Excellent
2026-02-03 19:52:00.436,173.99,Excellent
2026-02-03 19:53:00.081,172.21,Excellent
2026-02-03 19:54:00.391,170.42,Excellent
2026-02-03 19:55:00.100,152.34,Excellent
2026-02-03 19:56:00.596,241.82,Excellent
2026-02-03 19:57:00.146,241.82,Excellent
2026-02-03 19:58:00.393,241.82,Excellent
2026-02-03 19:59:00.081,241.82,Excellent
2026-02-03 20:00:00.410,241.82,Excellent
2026-02-03 20:01:00.085,132.09,Excellent
2026-02-03 20:02:00.427,132.8,Excellent
2026-02-03 20:09:35.018,175.15,Excellent
2026-02-03 20:10:09.320,133.27,Excellent
2026-02-03 20:10:13.581,133.27,Excellent
2026-02-03 20:10:18.579,133.27,Excellent
2026-02-03 20:10:23.566,133.27,Excellent
2026-02-03 20:10:28.597,133.27,Excellent
2026-02-03 20:10:33.603,133.27,Excellent
2026-02-03 20:10:38.592,502.38,Good
2026-02-03 20:10:43.575,501.23,Good
2026-02-03 20:10:48.582,500.07,Good
2026-02-03 20:16:24.120,132.8,Excellent
2026-02-03 20:16:29.116,132.8,Excellent
2026-02-03 20:16:35.097,132.8,Excellent
2026-02-03 20:16:39.303,132.8,Excellent
2026-02-03 20:16:45.391,132.8,Excellent
2026-02-03 20:16:50.070,132.8,Excellent
2026-02-03 20:16:55.055,132.8,Excellent
2026-02-03 20:16:56.652,132.8,Excellent
2026-02-03 20:16:58.348,132.8,Excellent
2026-02-03 20:17:03.377,132.8,Excellent
2026-02-03 20:17:08.379,132.8,Excellent
2026-02-03 20:17:13.379,132.8,Excellent
2026-02-03 20:17:18.895,132.8,Excellent
2026-02-03 20:17:24.071,132.09,Excellent
2026-02-03 20:17:29.061,132.09,Excellent
2026-02-03 20:17:32.713,132.09,Excellent
2026-02-03 20:17:38.078,132.09,Excellent
2026-02-03 20:17:43.081,132.09,Excellent
2026-02-03 20:17:48.082,132.09,Excellent
2026-02-03 20:17:53.427,132.09,Excellent
2026-02-03 20:17:57.741,132.09,Excellent
2026-02-03 20:18:02.737,132.09,Excellent
2026-02-03 20:18:08.072,132.09,Excellent
2026-02-03 20:18:13.080,132.09,Excellent
2026-02-03 20:18:18.077,132.09,Excellent
2026-02-03 20:18:23.056,129.97,Excellent
2026-02-03 20:18:28.081,129.97,Excellent
2026-02-03 20:18:33.091,129.97,Excellent
2026-02-03 20:18:38.052,110.79,Excellent
2026-02-03 20:18:43.046,110.79,Excellent
2026-02-03 20:18:48.097,110.79,Excellent
2026-02-03 20:18:53.073,110.43,Excellent
2026-02-03 20:18:58.055,110.43,Excellent
2026-02-03 20:19:03.059,110.43,Excellent
2026-02-03 20:20:00.375,110.43,Excellent
2026-02-03 20:21:00.062,109.72,Excellent
2026-02-03 20:22:00.754,109.72,Excellent
2026-02-03 20:22:34.720,107.6,Excellent
2026-02-03 20:22:37.102,107.6,Excellent
2026-02-03 20:22:42.083,107.6,Excellent
2026-02-03 20:22:47.099,107.6,Excellent
2026-02-03 20:39:19.200,87.35,Excellent
2026-02-03 20:39:21.160,87.35,Excellent
2026-02-03 20:46:00.076,107.6,Excellent
2026-02-03 20:47:00.386,107.6,Excellent
2026-02-03 20:47:08.101,107.6,Excellent
2026-02-03 20:47:12.934,107.6,Excellent
2026-02-03 20:47:17.960,107.6,Excellent
2026-02-03 20:47:22.965,129.97,Excellent
2026-02-03 20:47:27.946,129.97,Excellent
2026-02-03 20:47:32.933,129.97,Excellent
2026-02-03 21:41:26.822,1072.85,Warning
2026-02-03 21:41:28.177,1072.85,Warning
2026-02-03 21:41:34.383,1072.85,Warning
2026-02-03 21:41:39.065,1071.95,Warning
2026-02-03 21:41:44.077,1071.95,Warning
2026-02-03 21:41:49.063,1071.95,Warning
2026-02-03 21:41:54.065,1071.06,Warning
2026-02-03 21:41:59.083,1071.06,Warning
2026-02-03 21:42:03.158,1071.06,Warning
2026-02-03 21:42:08.168,1070.16,Warning
2026-02-03 21:42:13.157,1070.16,Warning
2026-02-03 21:42:14.609,1070.16,Warning
2026-02-03 21:42:19.595,1070.16,Warning
2026-02-03 21:42:24.594,1069.27,Warning
2026-02-03 21:42:29.585,1069.27,Warning
2026-02-03 21:42:31.283,1069.27,Warning
2026-02-03 21:42:33.368,1069.27,Warning
2026-02-03 22:06:24.415,132.09,Excellent
2026-02-03 22:06:29.082,132.09,Excellent
2026-02-03 22:06:34.057,132.09,Excellent
2026-02-03 22:06:39.114,132.8,Excellent
2026-02-03 22:06:44.065,132.8,Excellent
2026-02-03 22:06:48.952,132.8,Excellent
2026-02-03 22:06:54.061,133.16,Excellent
2026-02-03 22:06:59.074,133.16,Excellent
2026-02-03 22:07:04.079,133.16,Excellent
2026-02-03 22:07:09.070,133.16,Excellent
2026-02-03 22:07:14.068,133.16,Excellent
2026-02-03 22:07:18.914,133.16,Excellent
2026-02-03 22:07:24.404,133.37,Excellent
2026-02-03 22:07:29.071,133.37,Excellent
2026-02-03 22:07:34.073,133.37,Excellent
2026-02-03 22:07:38.907,133.37,Excellent
2026-02-03 22:07:43.915,133.37,Excellent
2026-02-03 22:07:48.913,133.37,Excellent
2026-02-03 22:07:53.986,133.37,Excellent
2026-02-03 22:07:58.916,133.37,Excellent
2026-02-03 22:08:03.945,133.37,Excellent
2026-02-03 22:08:08.930,133.37,Excellent
2026-02-03 22:08:13.925,133.37,Excellent
2026-02-03 22:08:18.965,133.37,Excellent
2026-02-03 22:08:23.941,133.37,Excellent
2026-02-03 22:08:28.918,133.37,Excellent
2026-02-03 22:08:34.424,133.37,Excellent
2026-02-03 22:08:38.945,133.37,Excellent
2026-02-03 22:08:43.925,133.37,Excellent
2026-02-03 22:08:48.942,133.37,Excellent
2026-02-03 22:08:54.068,133.37,Excellent
2026-02-03 22:08:59.076,133.37,Excellent
2026-02-03 22:09:04.061,133.37,Excellent
2026-02-03 22:09:09.065,133.37,Excellent
2026-02-03 22:09:14.062,133.37,Excellent
2026-02-03 22:09:19.067,133.37,Excellent
2026-02-03 22:09:24.075,133.37,Excellent
2026-02-03 22:09:29.074,133.37,Excellent
2026-02-03 22:09:34.102,133.37,Excellent
2026-02-03 22:09:39.093,133.37,Excellent
2026-02-03 22:09:44.070,133.37,Excellent
2026-02-03 22:09:49.066,133.37,Excellent
2026-02-03 22:10:00.387,133.37,Excellent
2026-02-03 22:10:03.933,133.37,Excellent
2026-02-03 22:10:09.062,133.37,Excellent
2026-02-03 22:10:14.078,133.37,Excellent
2026-02-03 22:10:19.091,133.37,Excellent
2026-02-03 22:10:24.080,133.51,Excellent
2026-02-03 22:10:29.074,133.51,Excellent
2026-02-03 22:10:34.058,133.51,Excellent
2026-02-03 22:10:39.061,133.51,Excellent
2026-02-03 22:10:44.074,133.51,Excellent
2026-02-03 22:10:49.604,133.51,Excellent
2026-02-03 22:10:53.913,133.51,Excellent
2026-02-03 22:10:55.473,133.51,Excellent
2026-02-03 22:11:00.477,133.51,Excellent
2026-02-03 22:11:05.475,133.51,Excellent
2026-02-03 22:11:11.416,133.37,Excellent
2026-02-03 22:11:16.373,133.37,Excellent
2026-02-03 22:11:21.087,133.37,Excellent
2026-02-03 22:11:26.069,133.16,Excellent
2026-02-03 22:11:31.078,133.16,Excellent
2026-02-03 22:11:36.077,133.16,Excellent
2026-02-03 22:11:41.060,132.8,Excellent
2026-02-03 22:11:46.077,132.8,Excellent
2026-02-03 22:11:51.072,132.8,Excellent
2026-02-03 22:11:56.071,132.8,Excellent
2026-02-03 22:12:01.350,132.8,Excellent
2026-02-03 22:12:06.076,132.8,Excellent
2026-02-03 22:12:14.984,132.09,Excellent
2026-02-03 22:12:15.516,132.09,Excellent
2026-02-03 22:12:20.471,132.09,Excellent
2026-02-03 22:12:26.376,132.09,Excellent
2026-02-03 22:12:31.066,132.09,Excellent
2026-02-03 22:12:36.056,132.09,Excellent
2026-02-03 22:12:41.071,132.09,Excellent
2026-02-03 22:12:46.072,132.09,Excellent
2026-02-03 22:12:51.076,132.09,Excellent
2026-02-03 22:12:56.067,132.09,Excellent
2026-02-03 22:13:00.484,132.09,Excellent
2026-02-03 22:13:05.484,132.09,Excellent
2026-02-03 22:13:10.502,132.09,Excellent
2026-02-03 22:13:15.478,132.09,Excellent
2026-02-03 22:13:20.469,132.09,Excellent
2026-02-03 22:13:25.466,132.09,Excellent
2026-02-03 22:13:30.465,132.09,Excellent
2026-02-03 22:13:35.467,132.09,Excellent
2026-02-03 22:13:40.466,132.09,Excellent
2026-02-03 22:13:45.478,132.09,Excellent
2026-02-03 22:13:50.466,132.09,Excellent
2026-02-03 22:13:55.474,132.09,Excellent
2026-02-03 22:14:00.485,132.09,Excellent
2026-02-03 22:14:05.475,132.09,Excellent
2026-02-03 22:14:10.474,132.09,Excellent
2026-02-03 22:14:15.472,132.09,Excellent
2026-02-03 22:14:20.487,132.09,Excellent
2026-02-03 22:14:25.471,132.09,Excellent
2026-02-03 22:14:30.469,132.09,Excellent
2026-02-03 22:14:35.469,132.09,Excellent
2026-02-03 22:14:40.479,132.09,Excellent
2026-02-03 22:14:45.462,132.09,Excellent
2026-02-03 22:14:50.467,132.09,Excellent
2026-02-03 22:14:55.465,174.71,Excellent
2026-02-03 22:15:00.483,174.71,Excellent
2026-02-03 22:15:05.474,174.71,Excellent
2026-02-03 22:15:10.489,174.71,Excellent
2026-02-03 22:15:15.478,174.71,Excellent
2026-02-03 22:15:20.487,174.71,Excellent
2026-02-03 22:15:25.478,174.71,Excellent
2026-02-03 22:15:30.495,174.71,Excellent
2026-02-03 22:15:35.490,174.71,Excellent
2026-02-03 22:15:40.477,174.71,Excellent
2026-02-03 22:15:45.480,174.71,Excellent
2026-02-03 22:15:50.473,174.71,Excellent
2026-02-03 22:15:55.476,174.71,Excellent
2026-02-03 22:16:00.471,174.71,Excellent
2026-02-03 22:16:05.490,174.71,Excellent
2026-02-03 22:16:10.485,174.71,Excellent
2026-02-03 22:16:15.488,174.71,Excellent
2026-02-03 22:16:20.471,174.71,Excellent
2026-02-03 22:16:25.476,174.71,Excellent
2026-02-03 22:16:30.471,174.71,Excellent
2026-02-03 22:16:35.485,174.71,Excellent
2026-02-03 22:16:40.491,174.71,Excellent
2026-02-03 22:16:46.391,174.71,Excellent
2026-02-03 22:16:51.073,174.71,Excellent
2026-02-03 22:17:25.219,174.93,Excellent
2026-02-03 22:17:26.339,174.93,Excellent
2026-02-03 22:17:30.576,174.93,Excellent
2026-02-03 22:17:36.381,174.93,Excellent
2026-02-03 22:22:26.067,264.19,Excellent
2026-02-03 22:22:31.070,264.19,Excellent
2026-02-03 22:22:36.082,264.19,Excellent
2026-02-03 22:22:41.067,264.19,Excellent
2026-02-03 22:22:46.081,264.19,Excellent
2026-02-03 22:22:51.069,264.19,Excellent
2026-02-03 22:22:56.091,264.19,Excellent
2026-02-03 22:23:01.094,264.19,Excellent
2026-02-03 22:23:06.063,264.19,Excellent
2026-02-03 22:23:11.074,264.19,Excellent
2026-02-03 22:23:16.059,264.19,Excellent
2026-02-03 22:23:21.072,264.19,Excellent
2026-02-03 22:23:25.413,264.19,Excellent
2026-02-03 22:23:30.383,264.19,Excellent
2026-02-03 22:23:35.403,264.19,Excellent
2026-02-03 22:23:40.403,174.71,Excellent
2026-02-03 22:23:45.398,174.71,Excellent
2026-02-03 22:23:50.396,174.71,Excellent
2026-02-03 22:23:55.393,174.71,Excellent
2026-02-03 22:24:00.407,174.71,Excellent
2026-02-03 22:24:05.390,174.71,Excellent
2026-02-03 22:24:10.382,174.71,Excellent
2026-02-03 22:24:15.383,174.71,Excellent
2026-02-03 22:24:20.386,174.71,Excellent
2026-02-03 22:24:25.406,174.71,Excellent
2026-02-03 22:24:30.441,174.71,Excellent
2026-02-03 22:24:35.381,174.71,Excellent
2026-02-03 22:24:40.389,174.71,Excellent
2026-02-03 22:24:45.383,174.71,Excellent
2026-02-03 22:24:50.414,174.71,Excellent
2026-02-03 22:24:55.391,174.71,Excellent
2026-02-03 22:25:00.392,174.71,Excellent
2026-02-03 22:25:05.402,174.71,Excellent
2026-02-03 22:25:10.412,174.71,Excellent
2026-02-03 22:25:15.382,174.71,Excellent
2026-02-03 22:25:20.399,174.71,Excellent
2026-02-03 22:25:25.382,174.71,Excellent
2026-02-03 22:25:30.401,174.71,Excellent
2026-02-03 22:25:35.388,174.71,Excellent
2026-02-03 22:25:40.381,174.71,Excellent
2026-02-03 22:25:45.399,174.71,Excellent
2026-02-03 22:25:50.384,174.71,Excellent
2026-02-03 22:25:55.411,174.71,Excellent
2026-02-03 22:26:00.379,174.71,Excellent
2026-02-03 22:26:05.395,174.71,Excellent
2026-02-03 22:26:10.393,174.71,Excellent
2026-02-03 22:26:15.400,174.71,Excellent
2026-02-03 22:26:20.391,174.71,Excellent
2026-02-03 22:26:25.397,174.71,Excellent
2026-02-03 22:26:30.386,174.71,Excellent
2026-02-03 22:26:35.396,174.71,Excellent
2026-02-03 22:26:40.392,174.71,Excellent
2026-02-03 22:26:45.409,174.71,Excellent
2026-02-03 22:26:50.396,174.71,Excellent
2026-02-03 22:26:55.384,174.71,Excellent
2026-02-03 22:27:00.383,174.71,Excellent
2026-02-03 22:27:05.393,174.71,Excellent
2026-02-03 22:27:10.395,174.71,Excellent
2026-02-03 22:27:16.404,174.71,Excellent
2026-02-03 22:27:21.076,174.71,Excellent
2026-02-03 22:27:26.089,174.71,Excellent
2026-02-03 22:27:31.108,174.71,Excellent
2026-02-03 22:27:36.092,174.71,Excellent
2026-02-03 22:27:41.055,174.71,Excellent
2026-02-03 22:27:46.081,174.71,Excellent
2026-02-03 22:27:51.061,174.71,Excellent
2026-02-03 22:27:56.066,174.71,Excellent
2026-02-03 22:28:01.070,174.71,Excellent
2026-02-03 22:28:06.078,174.71,Excellent
2026-02-03 22:28:11.096,109.72,Excellent
2026-02-03 22:28:16.089,109.72,Excellent
2026-02-03 22:28:21.081,109.72,Excellent
2026-02-03 22:28:26.078,107.6,Excellent
2026-02-03 22:28:31.087,107.6,Excellent
2026-02-03 22:28:36.091,107.6,Excellent
2026-02-03 22:28:40.388,107.6,Excellent
2026-02-03 22:28:46.389,107.6,Excellent
2026-02-03 22:28:51.055,107.6,Excellent
2026-02-03 22:28:56.082,129.97,Excellent
2026-02-03 22:29:01.108,129.97,Excellent
2026-02-03 22:29:06.065,129.97,Excellent
2026-02-03 22:29:11.063,129.97,Excellent
2026-02-03 22:29:16.058,129.97,Excellent
2026-02-03 22:29:21.087,129.97,Excellent
2026-02-03 22:29:26.069,129.97,Excellent
2026-02-03 22:29:31.067,129.97,Excellent
2026-02-03 22:29:36.072,129.97,Excellent
2026-02-03 22:29:41.125,129.97,Excellent
2026-02-03 22:29:46.100,129.97,Excellent
2026-02-03 22:29:51.077,129.97,Excellent
2026-02-03 22:29:56.062,129.97,Excellent
2026-02-03 22:30:01.094,129.97,Excellent
2026-02-03 22:30:06.074,129.97,Excellent
2026-02-03 22:30:11.458,129.97,Excellent
2026-02-03 22:30:16.069,129.97,Excellent
2026-02-03 22:30:21.077,129.97,Excellent
2026-02-03 22:30:26.065,129.97,Excellent
2026-02-03 22:30:31.082,129.97,Excellent
2026-02-03 22:30:36.077,129.97,Excellent
2026-02-03 22:30:41.072,129.97,Excellent
2026-02-03 22:30:46.060,129.97,Excellent
2026-02-03 22:30:51.075,129.97,Excellent
2026-02-03 22:30:56.068,129.97,Excellent
2026-02-03 22:31:01.082,129.97,Excellent
2026-02-03 22:31:06.093,129.97,Excellent
2026-02-03 22:31:11.064,129.97,Excellent
2026-02-03 22:31:16.064,129.97,Excellent
2026-02-03 22:31:21.100,129.97,Excellent
2026-02-03 22:31:26.065,129.97,Excellent
2026-02-03 22:31:31.084,129.97,Excellent
2026-02-03 22:31:36.069,129.97,Excellent
2026-02-03 22:31:41.073,129.97,Excellent
2026-02-03 22:31:46.087,129.97,Excellent
2026-02-03 22:31:51.082,129.97,Excellent
2026-02-03 22:31:56.076,129.97,Excellent
2026-02-03 22:32:01.097,129.97,Excellent
2026-02-03 22:32:06.086,129.97,Excellent
2026-02-03 22:32:11.078,129.97,Excellent
2026-02-03 22:32:16.070,129.97,Excellent
2026-02-03 22:32:21.062,129.97,Excellent
2026-02-03 22:32:26.078,129.97,Excellent
2026-02-03 22:32:31.062,129.97,Excellent
2026-02-03 22:32:36.063,129.97,Excellent
2026-02-03 22:32:41.065,129.97,Excellent
2026-02-03 22:32:46.061,129.97,Excellent
2026-02-03 22:32:51.081,129.97,Excellent
2026-02-03 22:32:56.064,129.97,Excellent
2026-02-03 22:33:01.065,129.97,Excellent
2026-02-03 22:33:06.067,129.97,Excellent
2026-02-03 22:33:11.668,129.97,Excellent
2026-02-03 22:33:16.057,129.97,Excellent
2026-02-03 22:33:21.068,129.97,Excellent
2026-02-03 22:33:26.063,129.97,Excellent
2026-02-03 22:33:31.064,129.97,Excellent
2026-02-03 22:33:36.062,129.97,Excellent
2026-02-03 22:33:41.053,89.17,Excellent
2026-02-03 22:34:00.075,89.2,Excellent
2026-02-03 22:34:03.742,89.2,Excellent
2026-02-03 22:34:05.394,89.2,Excellent
2026-02-03 22:34:10.410,107.6,Excellent
2026-02-03 22:34:15.432,107.6,Excellent
2026-02-03 22:34:20.419,107.6,Excellent
2026-02-03 22:34:25.392,107.6,Excellent
2026-02-03 22:34:30.385,107.6,Excellent
2026-02-03 22:34:35.395,107.6,Excellent
2026-02-03 22:34:40.408,107.6,Excellent
2026-02-03 22:34:45.385,107.6,Excellent
2026-02-03 22:34:50.388,107.6,Excellent
2026-02-03 22:34:55.401,107.6,Excellent
2026-02-03 22:35:00.419,107.6,Excellent
2026-02-03 22:35:05.390,107.6,Excellent
2026-02-03 22:35:10.386,107.6,Excellent
2026-02-03 22:35:15.381,107.6,Excellent
2026-02-03 22:35:20.396,107.6,Excellent
2026-02-03 22:35:25.383,107.6,Excellent
2026-02-03 22:35:30.400,107.6,Excellent
2026-02-03 22:35:35.391,107.6,Excellent
2026-02-03 22:35:40.392,107.6,Excellent
2026-02-03 22:35:45.406,107.6,Excellent
2026-02-03 22:35:50.404,107.6,Excellent
2026-02-03 22:35:54.973,107.6,Excellent
2026-02-03 22:35:59.986,107.6,Excellent
2026-02-03 22:36:04.986,107.6,Excellent
2026-02-03 22:36:09.976,152.34,Excellent
2026-02-03 22:36:14.994,152.34,Excellent
2026-02-03 22:36:19.978,152.34,Excellent
2026-02-03 22:36:24.974,152.34,Excellent
2026-02-03 22:36:29.982,152.34,Excellent
2026-02-03 22:36:34.987,152.34,Excellent
2026-02-03 22:36:39.979,152.34,Excellent
2026-02-03 22:36:45.007,152.34,Excellent
2026-02-03 22:36:49.971,152.34,Excellent
2026-02-03 22:36:54.970,152.34,Excellent
2026-02-03 22:37:00.005,152.34,Excellent
2026-02-03 22:37:04.970,152.34,Excellent
2026-02-03 22:37:09.972,152.34,Excellent
2026-02-03 22:37:14.977,152.34,Excellent
2026-02-03 22:37:19.987,152.34,Excellent
2026-02-03 22:37:24.986,152.34,Excellent
2026-02-03 22:37:29.990,152.34,Excellent
2026-02-03 22:37:35.371,152.34,Excellent
2026-02-03 22:37:40.064,152.34,Excellent
2026-02-03 22:37:45.065,152.34,Excellent
2026-02-03 22:37:50.079,152.34,Excellent
2026-02-03 22:37:55.076,152.34,Excellent
2026-02-03 22:38:00.148,152.34,Excellent
2026-02-03 22:38:05.090,152.34,Excellent
2026-02-03 22:38:10.058,152.34,Excellent
2026-02-03 22:38:15.099,152.34,Excellent
2026-02-03 22:38:20.073,152.34,Excellent
2026-02-03 22:38:25.074,152.34,Excellent
2026-02-03 22:38:30.058,152.34,Excellent
2026-02-03 22:39:01.872,152.34,Excellent
2026-02-03 22:40:00.086,152.34,Excellent
2026-02-03 22:41:00.417,132.09,Excellent
2026-02-03 22:42:00.412,132.09,Excellent
2026-02-03 22:43:00.103,132.09,Excellent
2026-02-03 22:44:00.462,132.09,Excellent
2026-02-03 22:45:00.085,152.34,Excellent
2026-02-03 22:46:00.389,154.46,Excellent
2026-02-03 22:46:58.001,154.46,Excellent
2026-02-03 22:47:00.088,154.46,Excellent
2026-02-03 22:47:05.066,154.46,Excellent
2026-02-03 22:47:10.081,154.46,Excellent
2026-02-03 22:47:15.074,154.46,Excellent
2026-02-03 22:47:20.099,154.46,Excellent
2026-02-03 22:47:25.077,154.46,Excellent
2026-02-03 22:47:30.074,154.46,Excellent
2026-02-03 22:47:35.075,154.46,Excellent
2026-02-03 22:47:40.064,154.46,Excellent
2026-02-03 22:47:45.061,154.46,Excellent
2026-02-03 22:47:50.068,154.46,Excellent
2026-02-03 22:47:55.058,154.46,Excellent
2026-02-03 22:48:00.484,154.46,Excellent
2026-02-03 22:49:00.073,154.46,Excellent
2026-02-03 22:50:00.401,154.46,Excellent
2026-02-03 22:51:00.137,152.34,Excellent
2026-02-03 22:52:00.382,152.34,Excellent
2026-02-03 22:53:00.068,152.34,Excellent
2026-02-03 22:54:00.415,152.34,Excellent
2026-02-03 22:55:00.079,132.09,Excellent
2026-02-03 22:56:00.401,129.97,Excellent
2026-02-03 22:57:00.112,129.97,Excellent
2026-02-04 16:30:42.004,267.15,Excellent
2026-02-04 16:30:43.459,267.11,Excellent
2026-02-04 16:30:44.605,267.08,Excellent
2026-02-04 16:30:45.474,267.05,Excellent
2026-02-04 16:30:46.121,267.03,Excellent
2026-02-04 16:32:02.486,264.75,Excellent
2026-02-04 16:32:50.607,263.32,Excellent
2026-02-04 16:33:50.303,261.54,Excellent
2026-02-04 16:35:01.512,255.0,Excellent
2026-02-04 16:40:56.660,219.45,Excellent
2026-02-04 16:41:01.249,219.45,Excellent
2026-02-04 16:41:07,219.45,Excellent
2026-02-04 18:00:03.259,107.6,Excellent
2026-02-04T18:04:39.092000,66.05,Excellent
2026-02-04T18:04:51.248000,66.05,Excellent
2026-02-04T18:04:52.149000,66.58,Excellent
2026-02-04T18:04:52.949000,66.58,Excellent
2026-02-04T18:04:53.666000,66.58,Excellent
2026-02-04T18:04:54.349000,66.58,Excellent
2026-02-04T18:04:55.067000,66.58,Excellent
2026-02-04T18:04:55.667000,66.58,Excellent
2026-02-04T18:04:56.399000,66.58,Excellent
2026-02-04T18:04:57.102000,66.58,Excellent
2026-02-04T18:04:57.752000,66.58,Excellent
2026-02-04T18:04:58.468000,66.58,Excellent
2026-02-04T18:04:59.174000,66.58,Excellent
2026-02-04T18:04:59.846000,66.58,Excellent
2026-02-04T18:05:40.951000,66.05,Excellent
2026-02-04T18:12:50.790000,219.45,Excellent
2026-02-04T18:14:03.503000,221.57,Excellent
2026-02-04T18:14:09.636000,221.57,Excellent
2026-02-04T18:14:15.489000,221.57,Excellent
2026-02-04T18:14:58.366000,219.45,Excellent
2026-02-04T18:15:03.352000,219.45,Excellent
2026-02-04T18:15:07.868000,219.45,Excellent
2026-02-04T18:15:12.582000,219.45,Excellent
2026-02-04T18:15:17.592000,219.45,Excellent
2026-02-04T18:15:22.585000,219.45,Excellent
2026-02-04T18:15:27.598000,219.45,Excellent
2026-02-04T18:15:33.562000,219.45,Excellent
2026-02-04T18:15:38.527000,219.45,Excellent
2026-02-04T18:15:43.532000,219.45,Excellent
2026-02-04T18:15:48.518000,219.45,Excellent
2026-02-04T18:15:52.564000,219.45,Excellent
2026-02-04T18:15:57.603000,219.45,Excellent
2026-02-04T18:16:02.597000,219.45,Excellent
2026-02-04T18:28:22.635000,174.71,Excellent
2026-02-04T18:28:27.533000,174.71,Excellent
2026-02-04T18:28:32.544000,174.71,Excellent
2026-02-04T18:28:37.513000,174.71,Excellent
2026-02-04T18:28:42.540000,174.71,Excellent
2026-02-04T18:28:47.515000,174.71,Excellent
2026-02-04T18:28:52.522000,174.71,Excellent
2026-02-04T18:28:57.548000,174.71,Excellent
2026-02-04T18:29:02.566000,174.71,Excellent
2026-02-04T18:29:07.548000,174.71,Excellent
2026-02-04T18:29:12.542000,174.71,Excellent
2026-02-04T18:29:16.929000,174.71,Excellent
2026-02-04T18:29:21.922000,174.71,Excellent
2026-02-04T18:29:26.902000,174.71,Excellent
2026-02-04T18:29:32.841000,174.71,Excellent
2026-02-04T18:29:37.565000,174.71,Excellent
2026-02-04T18:29:41.938000,174.71,Excellent
2026-02-04T18:29:46.917000,174.71,Excellent
2026-02-04T18:39:58.556000,109.72,Excellent
2026-02-04T18:40:58.834000,110.43,Excellent
2026-02-04T18:41:58.542000,174.71,Excellent
2026-02-04T18:42:58.876000,174.71,Excellent
2026-02-04T18:43:58.528000,174.71,Excellent
2026-02-04T18:45:08.332000,174.71,Excellent
2026-02-04T18:45:12.025000,174.71,Excellent
2026-02-04T18:45:13.038000,174.71,Excellent
2026-02-04T18:45:18.879000,174.71,Excellent
2026-02-04T18:45:23.576000,174.71,Excellent
2026-02-04T18:45:26.743000,174.71,Excellent
2026-02-04T18:45:27.728000,174.71,Excellent
2026-02-04T18:45:33.878000,174.71,Excellent
2026-02-04T18:45:38.526000,174.71,Excellent
2026-02-04T18:53:35.899000,219.45,Excellent
2026-02-04T18:53:37.819000,219.45,Excellent
2026-02-04T18:53:42.811000,219.45,Excellent
2026-02-04T18:53:43.909000,219.45,Excellent
2026-02-04T18:53:44.222000,219.45,Excellent
2026-02-04T18:53:45.175000,219.45,Excellent
2026-02-04T18:53:45.499000,219.45,Excellent
2026-02-04T18:53:50.538000,219.45,Excellent
2026-02-04T18:53:55.533000,219.45,Excellent
2026-02-04T18:54:00.519000,219.45,Excellent
2026-02-04T18:54:05.503000,219.45,Excellent
2026-02-04T18:54:10.548000,219.45,Excellent
2026-02-04T18:54:15.542000,219.45,Excellent
2026-02-04T18:54:20.520000,219.45,Excellent
2026-02-04T18:54:25.538000,219.22,Excellent
2026-02-04T18:54:30.516000,219.22,Excellent
2026-02-04T18:54:35.521000,219.22,Excellent
2026-02-04T19:05:39.657000,188.58,Excellent
2026-02-04T19:05:44.670000,188.58,Excellent
2026-02-04T19:05:49.652000,188.58,Excellent
2026-02-04T19:05:54.672000,188.58,Excellent
2026-02-04T19:05:59.714000,188.58,Excellent
2026-02-04T19:06:04.652000,188.58,Excellent
2026-02-04T19:06:09.688000,188.58,Excellent
2026-02-04T19:06:14.656000,188.58,Excellent
2026-02-04T19:06:19.689000,188.58,Excellent
2026-02-04T19:06:24.669000,188.58,Excellent
2026-02-04T19:06:29.659000,188.58,Excellent
2026-02-04T19:06:34.713000,188.58,Excellent
2026-02-04T19:06:39.654000,188.58,Excellent
2026-02-04T19:06:44.648000,188.58,Excellent
2026-02-04T19:06:49.673000,188.58,Excellent
2026-02-04T19:06:54.655000,143.84,Excellent
2026-02-04T19:06:59.667000,143.84,Excellent
2026-02-04T19:07:04.659000,143.84,Excellent
2026-02-04T19:07:09.646000,143.84,Excellent
2026-02-04T19:07:14.719000,143.84,Excellent
2026-02-04T19:07:19.695000,143.84,Excellent
2026-02-04T19:07:24.659000,143.84,Excellent
2026-02-04T19:07:29.660000,143.84,Excellent
2026-02-04T19:07:34.746000,143.84,Excellent
2026-02-04T19:07:39.660000,145.85,Excellent
2026-02-04T19:07:44.660000,145.85,Excellent
2026-02-04T19:07:49.662000,145.85,Excellent
2026-02-04T19:07:54.693000,151.22,Excellent
2026-02-04T19:07:59.687000,151.22,Excellent
2026-02-04T19:08:04.715000,151.22,Excellent
2026-02-04T19:08:09.655000,151.22,Excellent
2026-02-04T19:08:14.655000,151.22,Excellent
2026-02-04T19:08:19.685000,151.22,Excellent
2026-02-04T19:08:24.662000,154.46,Excellent
2026-02-04T19:08:29.664000,154.46,Excellent
2026-02-04T19:08:34.659000,154.46,Excellent
2026-02-04T19:08:39.658000,154.46,Excellent
2026-02-04T19:08:44.643000,154.46,Excellent
2026-02-04T19:08:49.671000,154.46,Excellent
2026-02-04T19:08:54.670000,154.46,Excellent
2026-02-04T19:08:59.677000,154.46,Excellent
2026-02-04T19:09:04.674000,154.46,Excellent
2026-02-04T19:09:09.648000,154.46,Excellent
2026-02-04T19:09:14.657000,154.46,Excellent
2026-02-04T19:09:19.683000,154.46,Excellent
2026-02-04T19:09:24.656000,154.46,Excellent
2026-02-04T19:09:29.660000,154.46,Excellent
2026-02-04T19:09:34.653000,154.46,Excellent
2026-02-04T19:09:39.710000,154.46,Excellent
2026-02-04T19:09:44.652000,154.46,Excellent
2026-02-04T19:09:49.650000,154.46,Excellent
2026-02-04T19:09:54.669000,155.17,Excellent
2026-02-04T19:09:59.653000,155.17,Excellent
2026-02-04T19:10:04.674000,155.17,Excellent
2026-02-04T19:10:10.839000,155.17,Excellent
2026-02-04T19:10:15.521000,155.17,Excellent
2026-02-04T19:10:20.520000,155.17,Excellent
2026-02-04T19:10:25.529000,155.17,Excellent
2026-02-04T19:17:37.736000,2143.9,Warning
2026-02-04T19:17:42.739000,2143.9,Warning
2026-02-04T19:17:47.734000,2143.9,Warning
2026-02-04T19:17:52.757000,2140.33,Warning
2026-02-04T19:17:57.746000,2140.33,Warning
2026-02-04T19:18:02.724000,2140.33,Warning
2026-02-04T19:18:07.736000,2136.75,Warning
2026-02-04T19:18:12.768000,2136.75,Warning
2026-02-04T19:18:17.717000,2136.75,Warning
2026-02-04T19:18:22.746000,2133.17,Warning
2026-02-04T19:18:27.752000,2133.17,Warning
2026-02-04T19:18:32.730000,2133.17,Warning
2026-02-04T19:18:37.728000,2129.59,Warning
2026-02-04T19:18:42.758000,2129.59,Warning
2026-02-04T19:18:47.747000,2129.59,Warning
2026-02-04T19:18:52.750000,2126.01,Warning
2026-02-04T19:18:57.738000,2126.01,Warning
2026-02-04T19:19:02.743000,2126.01,Warning
2026-02-04T19:19:07.720000,2122.43,Warning
2026-02-04T19:19:12.723000,2122.43,Warning
2026-02-04T19:19:17.747000,2122.43,Warning
2026-02-04T19:19:22.775000,2118.85,Warning
2026-02-04T19:19:27.735000,2118.85,Warning
2026-02-04T19:19:32.740000,2118.85,Warning
2026-02-04T19:19:37.760000,2115.27,Warning
2026-02-04T19:19:42.744000,2115.27,Warning
2026-02-04T19:19:47.724000,2115.27,Warning
2026-02-04T19:19:52.717000,2111.69,Warning
2026-02-04T19:19:57.778000,2111.69,Warning
2026-02-04T19:20:02.733000,2111.69,Warning
2026-02-04T19:20:07.765000,2108.11,Warning
2026-02-04T19:20:12.726000,2108.11,Warning
2026-02-04T19:20:17.754000,2108.11,Warning
2026-02-04T19:20:22.729000,2104.53,Warning
2026-02-04T19:20:27.764000,2104.53,Warning
2026-02-04T19:20:33.084000,2104.53,Warning
2026-02-04T19:20:37.741000,2100.95,Warning
2026-02-04T19:20:43.546000,2100.95,Warning
2026-02-04T19:20:48.550000,2100.95,Warning
2026-02-04T19:24:46.588000,111.55,Excellent
2026-02-04T19:24:47.608000,111.57,Excellent
2026-02-04T19:29:47.392000,217.88,Excellent
2026-02-04T19:29:52.385000,217.88,Excellent
2026-02-04T19:29:57.400000,217.88,Excellent
2026-02-04T19:30:02.436000,217.88,Excellent
2026-02-04T19:30:07.535000,217.88,Excellent
2026-02-04T19:30:12.568000,217.88,Excellent
2026-02-04T19:30:17.529000,217.88,Excellent
2026-02-04T19:30:22.575000,217.88,Excellent
2026-02-04T19:30:27.533000,217.88,Excellent
2026-02-04T19:30:32.411000,217.88,Excellent
2026-02-04T19:30:37.545000,129.86,Excellent
2026-02-04T19:30:42.417000,129.86,Excellent
2026-02-04T19:30:47.397000,129.86,Excellent
2026-02-04T19:30:52.400000,108.45,Excellent
2026-02-04T19:30:57.451000,108.45,Excellent
2026-02-04T19:31:02.427000,108.45,Excellent
2026-02-04T19:31:07.395000,97.53,Excellent
2026-02-04T19:31:12.903000,97.53,Excellent
2026-02-04T19:31:17.567000,97.53,Excellent
2026-02-04T19:31:22.550000,93.43,Excellent
2026-02-04T19:31:27.550000,93.43,Excellent
2026-02-04T19:31:32.592000,93.43,Excellent
2026-02-04T19:31:37.592000,92.61,Excellent
2026-02-04T19:31:42.545000,92.61,Excellent
2026-02-04T19:31:47.409000,92.61,Excellent
2026-02-04T19:31:52.559000,353.44,Excellent
2026-02-04T19:31:57.530000,353.44,Excellent
2026-02-04T19:32:02.586000,353.44,Excellent
2026-02-04T19:32:07.563000,528.82,Good
2026-02-04T19:32:12.388000,528.82,Good
2026-02-04T19:32:17.395000,528.82,Good
2026-02-04T19:32:22.444000,844.68,Good
2026-02-04T19:32:27.379000,844.68,Good
2026-02-04T19:32:32.421000,844.68,Good
2026-02-04T19:32:37.397000,847.81,Good
2026-02-04T19:32:42.410000,847.81,Good
2026-02-04T19:32:47.426000,847.81,Good
2026-02-04T19:32:52.460000,878.38,Good
2026-02-04T19:32:57.401000,878.38,Good
2026-02-04T19:33:02.451000,878.38,Good
2026-02-04T19:33:07.423000,895.3,Good
2026-02-04T19:33:12.431000,895.3,Good
2026-02-04T19:33:17.431000,895.3,Good
2026-02-04T19:33:22.442000,900.6,Good
2026-02-04T19:33:27.425000,900.6,Good
2026-02-04T19:33:32.425000,900.6,Good
2026-02-04T19:33:37.408000,945.29,Good
2026-02-04T19:33:42.386000,945.29,Good
2026-02-04T19:33:47.384000,945.29,Good
2026-02-04T19:33:52.414000,948.72,Good
2026-02-04T19:33:57.430000,948.72,Good
2026-02-04T19:34:02.388000,948.72,Good
2026-02-04T19:34:07.430000,947.8,Good
2026-02-04T19:34:12.419000,947.8,Good
2026-02-04T19:34:17.403000,947.8,Good
2026-02-04T19:34:22.406000,951.08,Good
2026-02-04T19:34:27.434000,951.08,Good
2026-02-04T19:34:32.409000,951.08,Good
2026-02-04T19:34:37.399000,950.12,Good
2026-02-04T19:34:42.411000,950.12,Good
2026-02-04T19:34:47.442000,950.12,Good
2026-02-04T19:34:52.440000,954.39,Good
2026-02-04T19:34:57.405000,954.39,Good
2026-02-04T19:35:02.401000,954.39,Good
2026-02-04T19:35:07.399000,961.48,Good
2026-02-04T19:35:12.443000,961.48,Good
2026-02-04T19:35:17.409000,961.48,Good
2026-02-04T19:35:22.420000,967.26,Good
2026-02-04T19:35:27.441000,967.26,Good
2026-02-04T19:35:32.397000,967.26,Good
2026-02-04T19:35:37.485000,987.95,Good
2026-02-04T19:35:42.814000,987.95,Good
2026-02-04T19:35:47.407000,987.95,Good
2026-02-04T19:35:52.408000,1051.57,Warning
2026-02-04T19:35:57.413000,1051.57,Warning
2026-02-04T19:36:02.423000,1051.57,Warning
2026-02-04T19:36:07.397000,1067.18,Warning
2026-02-04T19:36:12.438000,1067.18,Warning
2026-02-04T19:36:17.408000,1067.18,Warning
2026-02-04T19:36:22.414000,1065.29,Warning
2026-02-04T19:36:27.419000,1065.29,Warning
2026-02-04T19:36:32.384000,1065.29,Warning
2026-02-04T19:36:37.385000,1053.56,Warning
2026-02-04T19:36:42.431000,1053.56,Warning
2026-02-04T19:36:47.387000,1053.56,Warning
2026-02-04T19:36:52.390000,1048.89,Warning
2026-02-04T19:36:57.577000,1048.89,Warning
2026-02-04T19:37:02.388000,1048.89,Warning
2026-02-04T19:37:07.945000,1054.44,Warning
2026-02-04T19:37:12.986000,1054.44,Warning
2026-02-04T19:37:17.547000,1054.44,Warning
2026-02-04T19:37:22.549000,1133.16,Warning
2026-02-04T19:37:27.555000,1133.16,Warning
2026-02-04T19:37:32.641000,1133.16,Warning
2026-02-04T19:38:16.327000,1158.05,Warning
2026-02-04T19:39:31.923000,1813.43,Warning
2026-02-04T19:39:35.945000,1813.43,Warning
2026-02-04T19:39:40.949000,1909.47,Warning
2026-02-04T19:39:45.940000,1909.47,Warning
2026-02-04T19:39:52.404000,1916.63,Warning
2026-02-04T19:39:55.937000,1916.63,Warning
2026-02-04T19:40:00.923000,1916.63,Warning
2026-02-04T19:40:05.948000,1916.63,Warning
2026-02-04T19:40:10.929000,1926.47,Warning
2026-02-04T19:40:15.932000,1926.47,Warning
2026-02-04T19:40:22.359000,1937.21,Warning
2026-02-04T19:40:26.537000,1937.21,Warning
2026-02-04T19:40:31.519000,1937.21,Warning
2026-02-04T19:40:36.533000,1977.47,Warning
2026-02-04T19:40:41.527000,1933.63,Warning
2026-02-04T19:40:46.529000,1933.63,Warning
2026-02-04T19:40:51.558000,1973.9,Warning
2026-02-04T19:40:55.939000,1921.1,Warning
2026-02-04T19:41:00.905000,1921.1,Warning
2026-02-04T19:41:05.952000,1921.1,Warning
2026-02-04T19:41:11.867000,1915.73,Warning
2026-02-04T19:41:16.537000,1915.73,Warning
2026-02-04T19:41:21.524000,1960.47,Warning
2026-02-04T19:41:25.947000,1909.47,Warning
2026-02-04T19:41:30.923000,1909.47,Warning
2026-02-04T19:41:35.943000,1909.47,Warning
2026-02-04T19:41:40.907000,1905.89,Warning
2026-02-04T19:41:45.951000,1905.89,Warning
2026-02-04T19:41:50.909000,1905.89,Warning
2026-02-04T19:41:56.524000,1896.94,Warning
2026-02-04T19:42:01.555000,1896.94,Warning
2026-02-04T19:42:05.937000,1896.94,Warning
2026-02-04T19:42:10.920000,1781.22,Warning
2026-02-04T19:42:15.912000,1781.22,Warning
2026-02-04T19:42:20.906000,1781.22,Warning
2026-02-04T19:42:25.926000,1752.59,Warning
2026-02-04T19:42:30.926000,1752.59,Warning
2026-02-04T19:42:35.917000,1752.59,Warning
2026-02-04T19:42:40.938000,1681.0,Warning
2026-02-04T19:42:45.933000,1681.0,Warning
2026-02-04T19:42:50.924000,1681.0,Warning
2026-02-04T19:42:55.942000,1613.0,Warning
2026-02-04T19:43:01.866000,1613.0,Warning
2026-02-04T19:43:06.538000,1613.0,Warning
2026-02-04T19:43:10.949000,1547.38,Warning
2026-02-04T19:43:15.905000,1547.38,Warning
2026-02-04T19:43:20.957000,1373.79,Warning
2026-02-04T19:43:26.545000,1340.98,Warning
2026-02-04T19:43:31.547000,1340.98,Warning
2026-02-04T19:43:36.519000,1340.98,Warning
2026-02-04T19:43:41.534000,1308.77,Warning
2026-02-04T19:43:46.555000,1308.77,Warning
2026-02-04T19:43:51.554000,1308.77,Warning
2026-02-04T19:43:56.527000,1272.98,Warning
2026-02-04T19:44:00.950000,1272.98,Warning
2026-02-04T19:44:06.929000,1181.12,Warning
2026-02-04T19:44:11.534000,1027.21,Warning
2026-02-04T19:44:16.540000,1027.21,Warning
2026-02-04T19:44:21.513000,867.49,Good
2026-02-04T19:44:26.524000,858.55,Good
2026-02-04T19:44:31.514000,858.55,Good
2026-02-04T19:44:36.550000,801.66,Good
2026-02-04T19:44:41.576000,799.83,Good
2026-02-04T19:44:46.542000,799.83,Good
2026-02-04T19:44:51.519000,799.83,Good
2026-02-04T19:44:56.514000,783.98,Good
2026-02-04T19:45:01.545000,783.98,Good
2026-02-04T19:45:06.553000,770.07,Good
2026-02-04T19:45:11.563000,769.27,Good
2026-02-04T19:45:16.538000,769.27,Good
2026-02-04T19:45:21.529000,761.18,Good
2026-02-04T19:45:26.533000,779.99,Good
2026-02-04T19:45:31.519000,779.99,Good
2026-02-04T19:45:36.581000,776.02,Good
2026-02-04T19:45:41.522000,789.17,Good
2026-02-04T19:45:46.529000,789.17,Good
2026-02-04T19:45:51.546000,790.02,Good
2026-02-04T19:45:56.549000,795.89,Good
2026-02-04T19:46:01.531000,795.89,Good
2026-02-04T19:46:06.559000,797.63,Good
2026-02-04T19:46:11.538000,796.26,Good
2026-02-04T19:46:16.526000,796.26,Good
2026-02-04T19:46:21.547000,798.18,Good
2026-02-04T19:46:26.570000,796.69,Good
2026-02-04T19:46:31.552000,796.69,Good
2026-02-04T19:46:36.540000,798.65,Good
2026-02-04T19:46:41.549000,800.68,Good
2026-02-04T19:46:47.302000,800.68,Good
2026-02-04T19:46:51.545000,802.47,Good
2026-02-04T19:46:56.532000,811.12,Good
2026-02-04T19:47:00.921000,811.12,Good
2026-02-04T19:47:06.559000,817.5,Good
2026-02-04T19:47:10.053000,822.42,Good
2026-02-04T19:47:15.534000,822.42,Good
2026-02-04T19:47:20.552000,822.42,Good
2026-02-04T19:47:25.553000,841.1,Good
2026-02-04T19:47:30.540000,841.1,Good
2026-02-04T19:47:35.526000,841.1,Good
2026-02-04T19:47:40.520000,841.59,Good
2026-02-04T19:47:45.526000,841.59,Good
2026-02-04T19:47:50.555000,841.59,Good
2026-02-04T19:47:55.518000,841.2,Good
2026-02-04T19:48:00.544000,841.2,Good
2026-02-04T19:48:05.576000,841.2,Good
2026-02-04T19:48:10.542000,855.77,Good
2026-02-04T19:48:15.513000,855.77,Good
2026-02-04T19:48:20.532000,855.77,Good
2026-02-04T19:48:25.584000,861.9,Good
2026-02-04T19:48:30.553000,861.9,Good
2026-02-04T19:48:35.541000,861.9,Good
2026-02-04T19:48:40.557000,864.98,Good
2026-02-04T19:48:45.532000,864.98,Good
2026-02-04T19:48:50.542000,864.98,Good
2026-02-04T19:48:55.516000,887.24,Good
2026-02-04T19:49:57.556000,893.94,Good
2026-02-04T19:50:26.288000,879.0,Good
2026-02-04T19:50:30.914000,879.0,Good
2026-02-04T19:50:35.544000,879.0,Good
2026-02-04T19:50:40.541000,870.35,Good
2026-02-04T19:50:45.542000,870.35,Good
2026-02-04T19:50:50.578000,870.35,Good
2026-02-04T19:50:55.547000,876.96,Good
2026-02-04T19:51:00.531000,876.96,Good
2026-02-04T19:51:05.552000,876.96,Good
2026-02-04T19:51:10.596000,883.43,Good
2026-02-04T19:51:15.073000,883.43,Good
2026-02-04T19:51:20.074000,883.43,Good
2026-02-04T19:51:25.527000,889.97,Good
2026-02-04T19:51:30.576000,889.97,Good
2026-02-04T19:51:35.556000,889.97,Good
2026-02-04T19:51:40.534000,971.07,Good
2026-02-04T19:51:45.414000,971.07,Good
2026-02-04T19:51:50.077000,971.07,Good
2026-02-04T19:51:55.065000,970.17,Good
2026-02-04T19:52:00.072000,970.17,Good
2026-02-04T19:52:05.102000,970.17,Good
2026-02-04T19:52:10.058000,946.01,Good
2026-02-04T19:52:15.863000,946.01,Good
2026-02-04T19:52:20.085000,946.01,Good
2026-02-04T19:52:25.225000,944.89,Good
2026-02-04T19:52:30.514000,944.89,Good
2026-02-04T19:52:35.573000,944.89,Good
2026-02-04T19:52:40.522000,945.34,Good
2026-02-04T19:52:45.520000,945.34,Good
2026-02-04T19:52:50.571000,945.34,Good
2026-02-04T19:52:55.062000,919.84,Good
2026-02-04T19:53:00.093000,919.84,Good
2026-02-04T19:53:05.898000,919.84,Good
2026-02-04T19:53:10.551000,918.72,Good
2026-02-04T19:53:15.568000,918.72,Good
2026-02-04T19:53:20.487000,918.72,Good
2026-02-04T19:53:25.102000,914.47,Good
2026-02-04T19:53:30.541000,914.47,Good
2026-02-04T19:53:35.562000,914.47,Good
2026-02-04T19:53:40.565000,875.34,Good
2026-02-04T19:53:45.553000,875.34,Good
2026-02-04T19:53:50.560000,875.34,Good
2026-02-04T19:53:55.564000,858.7,Good
2026-02-04T19:54:00.540000,858.7,Good
2026-02-04T19:54:05.522000,858.7,Good
2026-02-04T19:54:10.558000,853.51,Good
2026-02-04T19:54:15.517000,853.51,Good
2026-02-04T19:54:20.540000,853.51,Good
2026-02-04T19:54:25.524000,853.29,Good
2026-02-04T19:54:30.530000,853.29,Good
2026-02-04T19:54:35.533000,853.29,Good
2026-02-04T19:54:40.089000,857.1,Good
2026-02-04T19:54:45.065000,857.1,Good
2026-02-04T19:54:50.094000,857.1,Good
2026-02-04T19:54:55.074000,857.9,Good
2026-02-04T19:55:00.874000,857.9,Good
2026-02-04T19:55:05.544000,857.9,Good
2026-02-04T19:55:10.078000,857.9,Good
2026-02-04T19:55:15.553000,857.9,Good
2026-02-04T19:55:20.094000,857.9,Good
2026-02-04T19:55:25.854000,870.36,Good
2026-02-04T19:55:30.561000,870.36,Good
2026-02-04T19:55:35.556000,870.36,Good
2026-02-04T19:55:40.149000,867.45,Good
2026-02-04T19:55:45.546000,867.45,Good
2026-02-04T19:55:50.545000,867.45,Good
2026-02-04T19:55:55.556000,864.04,Good
2026-02-04T19:56:00.554000,864.04,Good
2026-02-04T19:56:11.015000,857.2,Good
2026-02-04T19:56:11.130000,857.2,Good
2026-02-04T19:56:15.545000,857.2,Good
2026-02-04T19:58:23.312000,808.89,Good
2026-02-04T19:58:25.085000,808.89,Good
2026-02-04T19:58:30.077000,808.89,Good
2026-02-04T19:58:35.131000,808.89,Good
2026-02-04T19:58:40.073000,824.1,Good
2026-02-04T19:58:45.073000,824.1,Good
2026-02-04T19:58:50.092000,824.1,Good
2026-02-04T19:58:55.090000,838.86,Good
2026-02-04T19:59:00.097000,838.86,Good
2026-02-04T19:59:05.091000,838.86,Good
2026-02-04T19:59:10.096000,853.62,Good
2026-02-04T19:59:15.064000,853.62,Good
2026-02-04T19:59:20.077000,853.62,Good
2026-02-04T19:59:25.079000,860.19,Good
2026-02-04T19:59:30.873000,860.19,Good
2026-02-04T19:59:35.543000,860.19,Good
2026-02-04T19:59:40.544000,866.15,Good
2026-02-04T19:59:45.553000,866.15,Good
2026-02-04T19:59:50.570000,866.15,Good
2026-02-04T19:59:55.544000,893.0,Good
2026-02-04T20:00:00.542000,893.0,Good
2026-02-04T20:00:05.550000,893.0,Good
2026-02-04T20:00:10.544000,857.2,Good
2026-02-04T20:00:15.093000,857.2,Good
2026-02-04T20:00:20.090000,857.2,Good
2026-02-04T20:00:25.083000,595.93,Good
2026-02-04T20:00:30.094000,595.93,Good
2026-02-04T20:00:35.084000,595.93,Good
2026-02-04T20:00:40.052000,599.06,Good
2026-02-04T20:00:45.088000,599.06,Good
2026-02-04T20:00:50.102000,599.06,Good
2026-02-04T20:00:55.104000,610.42,Good
2026-02-04T20:01:00.073000,610.42,Good
2026-02-04T20:01:05.094000,610.42,Good
2026-02-04T20:01:10.865000,605.41,Good
2026-02-04T20:01:15.537000,605.41,Good
2026-02-04T20:01:20.552000,605.41,Good
2026-02-04T20:01:25.529000,600.58,Good
2026-02-04T20:01:30.542000,600.58,Good
2026-02-04T20:01:35.542000,600.58,Good
2026-02-04T20:01:40.531000,595.57,Good
2026-02-04T20:01:45.551000,595.57,Good
2026-02-04T20:01:50.540000,595.57,Good
2026-02-04T20:01:55.546000,590.56,Good
2026-02-04T20:02:00.538000,590.56,Good
2026-02-04T20:02:05.557000,590.56,Good
2026-02-04T20:02:10.095000,592.5,Good
2026-02-04T20:02:15.847000,592.5,Good
2026-02-04T20:02:20.516000,592.5,Good
2026-02-04T20:02:25.097000,601.0,Good
2026-02-04T20:02:30.091000,601.0,Good
2026-02-04T20:02:35.521000,601.0,Good
2026-02-04T20:02:40.556000,606.94,Good
2026-02-04T20:02:45.540000,606.94,Good
2026-02-04T20:02:50.532000,606.94,Good
2026-02-04T20:02:55.528000,610.99,Good
2026-02-04T20:03:00.534000,610.99,Good
2026-02-04T20:03:05.542000,610.99,Good
2026-02-04T20:03:10.085000,610.48,Good
2026-02-04T20:03:15.837000,610.48,Good
2026-02-04T20:03:20.561000,610.48,Good
2026-02-04T20:03:25.548000,612.78,Good
2026-02-04T20:03:30.326000,612.78,Good
2026-02-04T20:03:35.542000,612.78,Good
2026-02-04T20:03:40.532000,612.89,Good
2026-02-04T20:03:45.549000,612.89,Good
2026-02-04T20:03:50.550000,612.89,Good
2026-02-04T20:03:55.550000,614.28,Good
2026-02-04T20:04:00.553000,614.28,Good
2026-02-04T20:04:05.511000,614.28,Good
2026-02-04T20:04:10.542000,615.87,Good
2026-02-04T20:04:15.539000,615.87,Good
2026-02-04T20:04:20.552000,615.87,Good
2026-02-04T20:04:25.533000,837.52,Good
2026-02-04T20:04:30.552000,837.52,Good
2026-02-04T20:04:58.860000,802.4,Good
2026-02-04T20:05:58.572000,800.61,Good
2026-02-04T20:06:58.920000,889.86,Good
2026-02-04T20:07:58.614000,983.37,Good
2026-02-04T20:08:33.035000,984.56,Good
2026-02-04T20:08:35.087000,984.56,Good
2026-02-04T20:08:40.541000,984.86,Good
2026-02-04T20:08:45.554000,984.86,Good
2026-02-04T20:08:50.524000,984.86,Good
2026-02-04T20:08:55.565000,1007.53,Warning
2026-02-04T20:09:00.532000,1007.53,Warning
2026-02-04T20:09:05.520000,1007.53,Warning
2026-02-04T20:09:10.517000,941.76,Good
2026-02-04T20:09:15.570000,941.76,Good
2026-02-04T20:09:20.554000,941.76,Good
2026-02-04T20:09:25.557000,1016.18,Warning
2026-02-04T20:09:30.535000,1016.18,Warning
2026-02-04T20:09:35.558000,1016.18,Warning
2026-02-04T20:09:58.883000,1039.56,Warning
2026-02-04T20:10:44.305000,1039.92,Warning
2026-02-04T20:10:45.074000,1039.92,Warning
2026-02-04T20:10:50.097000,1039.92,Warning
2026-02-04T20:10:55.094000,1040.28,Warning
2026-02-04T20:11:00.072000,1040.28,Warning
2026-02-04T20:11:05.062000,1040.28,Warning
2026-02-04T20:11:10.872000,1040.63,Warning
2026-02-04T20:11:15.541000,1040.63,Warning
2026-02-04T20:11:20.088000,1040.63,Warning
2026-02-04T20:11:25.088000,1045.11,Warning
2026-02-04T20:11:30.558000,1045.11,Warning
2026-02-04T20:11:35.098000,1045.11,Warning
2026-02-04T20:11:40.113000,1043.54,Warning
2026-02-04T20:11:45.096000,1043.54,Warning
2026-02-04T20:11:50.097000,1043.54,Warning
2026-02-04T20:11:55.062000,1049.58,Warning
2026-02-04T20:12:00.102000,1049.58,Warning
2026-02-04T20:12:05.872000,1049.58,Warning
2026-02-04T20:12:10.526000,1054.95,Warning
2026-02-04T20:12:15.543000,1054.95,Warning
2026-02-04T20:12:20.509000,1054.95,Warning
2026-02-04T20:12:25.548000,1060.99,Warning
2026-02-11T13:56:46.723000,1738.16,Warning
2026-02-11T13:56:47.649000,1737.72,Warning
2026-02-11T13:56:52.636000,1735.34,Warning
2026-02-11T13:56:58.760000,1732.41,Warning
2026-02-11T13:57:02.847000,1730.46,Warning
2026-02-11T13:57:07.261000,1728.36,Warning
2026-02-11T13:57:08.832000,1727.61,Warning
2026-02-11T13:57:14.352000,1724.98,Warning
2026-02-11T13:57:15.011000,1724.66,Warning
2026-02-11T13:57:16.090000,1724.15,Warning
2026-02-11T13:57:21.718000,1613.05,Warning
2026-02-11T13:57:26.403000,1588.46,Warning
2026-02-11T13:57:31.425000,1562.1,Warning
2026-02-11T13:57:36.439000,1535.79,Warning
2026-02-11T13:57:41.412000,1610.84,Warning
2026-02-11T13:57:46.397000,1596.56,Warning
2026-02-11T13:57:51.400000,1582.23,Warning
2026-02-11T13:57:56.058000,1614.31,Warning
2026-02-11T13:58:01.397000,1603.27,Warning
2026-02-11T13:58:06.390000,1592.95,Warning
2026-02-11T13:58:11.057000,1611.96,Warning
2026-02-11T13:58:13.868000,1607.26,Warning
2026-02-11T13:58:14.897000,1605.54,Warning
2026-02-11T13:58:15.873000,1603.91,Warning
2026-02-11T13:58:16.293000,1603.21,Warning
2026-02-11T13:58:16.631000,1602.65,Warning
2026-02-11T13:58:16.956000,1602.1,Warning
2026-02-11T13:58:19.697000,1597.53,Warning
2026-02-11T13:58:20.078000,1596.89,Warning
2026-02-11T13:58:20.453000,1596.26,Warning
2026-02-11T13:58:20.795000,1595.69,Warning
2026-02-11T13:58:21.058000,1595.25,Warning
2026-02-11T13:58:21.356000,1594.76,Warning
2026-02-11T13:58:21.532000,1594.46,Warning
2026-02-11T13:58:21.824000,114.93,Excellent
2026-02-11T13:58:22.120000,114.85,Excellent
2026-02-11T13:58:22.310000,114.8,Excellent
2026-02-11T13:58:22.612000,114.73,Excellent
2026-02-11T13:58:22.764000,114.69,Excellent
2026-02-11T13:58:24.006000,114.38,Excellent
2026-02-11T13:58:24.431000,114.28,Excellent
2026-02-11T13:58:25.248000,114.08,Excellent
2026-02-11T13:58:25.819000,113.94,Excellent
2026-02-11T13:58:26.702000,113.73,Excellent
2026-02-11T13:58:27.129000,113.62,Excellent
2026-02-11T13:58:32.153000,112.45,Excellent
2026-02-11T13:58:37.171000,89.49,Excellent
2026-02-11T13:58:42.185000,88.31,Excellent
2026-02-11T13:58:47.191000,87.19,Excellent
2026-02-11T13:58:52.170000,89.48,Excellent
2026-02-11T13:58:57.201000,88.66,Excellent
2026-02-11T13:59:02.171000,87.88,Excellent
2026-02-11T13:59:07.203000,95.04,Excellent
2026-02-11T13:59:12.186000,93.85,Excellent
2026-02-11T13:59:17.201000,92.7,Excellent
2026-02-11T13:59:22.172000,95.01,Excellent
2026-02-11T13:59:27.146000,94.0,Excellent
2026-02-11T13:59:32.741000,92.91,Excellent
2026-02-11T13:59:37.410000,94.94,Excellent
2026-02-11T13:59:42.406000,94.06,Excellent
2026-02-11T13:59:47.412000,93.21,Excellent
2026-02-11T13:59:52.417000,93.28,Excellent
2026-02-11T13:59:57.416000,90.62,Excellent
2026-02-11T14:00:02.413000,88.9,Excellent
2026-02-11T14:00:07.440000,88.77,Excellent
2026-02-11T14:00:12.170000,87.9,Excellent
2026-02-11T14:00:12.741000,87.8,Excellent
2026-02-11T14:00:18.744000,86.73,Excellent
2026-02-11T14:00:23.408000,130.26,Excellent
2026-02-11T14:00:28.407000,245.58,Excellent
2026-02-11T14:00:33.410000,460.35,Excellent
2026-02-11T14:00:38.407000,122.83,Excellent
2026-02-11T14:00:43.401000,128.15,Excellent
2026-02-11T14:00:48.460000,133.54,Excellent
2026-02-11T14:00:53.408000,118.48,Excellent
2026-02-11T14:00:58.462000,121.61,Excellent
2026-02-11T14:01:03.412000,124.69,Excellent
2026-02-11T14:01:08.121000,119.19,Excellent
2026-02-11T14:01:12.718000,122.8,Excellent
2026-02-11T14:01:17.685000,126.7,Excellent
2026-02-11T14:01:22.705000,235.93,Excellent
2026-02-11T14:01:27.698000,244.82,Excellent
2026-02-11T14:01:32.740000,450.48,Excellent
2026-02-11T14:01:37.351000,510.0,Good
2026-02-11T14:01:39.341000,513.41,Good
2026-02-11T14:01:44.200000,521.17,Good
2026-02-11T14:01:49.219000,528.47,Good
2026-02-11T14:01:54.216000,526.61,Good
2026-02-11T14:01:59.192000,531.44,Good
2026-02-11T14:02:04.191000,536.17,Good
2026-02-11T14:02:09.219000,605.55,Good
2026-02-11T14:02:14.211000,624.51,Good
2026-02-11T14:10:50.435000,132.09,Excellent
2026-02-11T14:10:55.597000,132.09,Excellent
2026-02-11T14:10:59.387000,132.09,Excellent
2026-02-11T14:11:04.443000,132.09,Excellent
2026-02-11T14:11:09.431000,152.34,Excellent
2026-02-11T14:11:14.449000,152.34,Excellent
2026-02-11T14:11:19.419000,152.34,Excellent
2026-02-11T14:11:24.434000,152.34,Excellent
2026-02-11T14:11:29.419000,152.34,Excellent
2026-02-11T14:11:34.424000,152.34,Excellent
2026-02-11T14:11:39.409000,152.34,Excellent
2026-02-11T14:11:44.428000,152.34,Excellent
2026-02-11T14:11:49.413000,152.34,Excellent
2026-02-11T14:11:54.431000,152.34,Excellent
2026-02-11T14:12:50.732000,152.34,Excellent
2026-02-11T14:13:50.425000,152.34,Excellent
2026-02-11T14:14:50.723000,152.34,Excellent
2026-02-11T14:15:50.430000,152.34,Excellent
2026-02-11T14:16:50.716000,88.77,Excellent
2026-02-11T14:17:50.425000,88.77,Excellent
2026-02-11T14:18:50.754000,88.63,Excellent
2026-02-11T14:19:50.418000,88.77,Excellent
2026-02-11T14:20:50.754000,89.01,Excellent
2026-02-11T14:21:50.409000,89.09,Excellent
2026-02-11T14:22:50.762000,89.17,Excellent
2026-02-11T14:23:50.478000,89.23,Excellent
2026-02-11T14:24:50.719000,107.6,Excellent
2026-02-11T14:25:50.385000,109.72,Excellent
2026-02-11T14:26:50.722000,109.72,Excellent
2026-02-11T14:27:50.560000,109.72,Excellent
2026-02-11T14:28:50.763000,109.72,Excellent
2026-02-11T14:29:50.388000,109.72,Excellent
2026-02-11T14:30:50.787000,107.6,Excellent
2026-02-11T14:31:50.417000,129.97,Excellent
2026-02-11T14:32:50.755000,129.97,Excellent
2026-02-11T14:33:50.476000,129.97,Excellent
2026-02-11T14:34:50.733000,197.08,Excellent
2026-02-11T14:35:50.775000,197.08,Excellent
